[{"ChapterName": "第1章 老狗來鬧鬼", "Chapter_ID": 2},{"ChapterName": "第2章 韋小寶的麗春苑", "Chapter_ID": 3},{"ChapterName": "第3章 銀賊之爭", "Chapter_ID": 4},{"ChapterName": "第4章 我要做惜花公子", "Chapter_ID": 5},{"ChapterName": "第5章 美女警督", "Chapter_ID": 6},{"ChapterName": "第6章 狗眼往哪瞧", "Chapter_ID": 7},{"ChapterName": "第7章 你是警官也不行", "Chapter_ID": 8},{"ChapterName": "第8章 美女好像變多了", "Chapter_ID": 9},{"ChapterName": "第9章 艷福還是禍水", "Chapter_ID": 10},{"ChapterName": "第10章 小心我拔了你的虎皮", "Chapter_ID": 11},{"ChapterName": "第11章 尼瑪，兩千塊的茶錢", "Chapter_ID": 12},{"ChapterName": "第12章 臭小子，老娘不會放過你", "Chapter_ID": 13},{"ChapterName": "第13章 幕後真兇", "Chapter_ID": 14},{"ChapterName": "第14章 最熟悉的陌生人", "Chapter_ID": 15},{"ChapterName": "第15章 內衣特長", "Chapter_ID": 16},{"ChapterName": "第16章 大少將你泡妞", "Chapter_ID": 17},{"ChapterName": "第17章 我知女人心", "Chapter_ID": 18},{"ChapterName": "第18章 兩千加倆零，怕怕", "Chapter_ID": 19},{"ChapterName": "第19章 晨光下的鼻血", "Chapter_ID": 20},{"ChapterName": "第20章 女兒國很危險", "Chapter_ID": 21},{"ChapterName": "第21章 胸被扎了", "Chapter_ID": 22},{"ChapterName": "第22章 這是女色狼公司", "Chapter_ID": 23},{"ChapterName": "第23章 誰跟誰道歉", "Chapter_ID": 24},{"ChapterName": "第24章 你是不是男人", "Chapter_ID": 25},{"ChapterName": "第25章 覃若彤的異樣", "Chapter_ID": 26},{"ChapterName": "第26章 高調出場", "Chapter_ID": 27},{"ChapterName": "第27章 工大女神", "Chapter_ID": 28},{"ChapterName": "第28章 女神也有煙火氣", "Chapter_ID": 29},{"ChapterName": "第29章 女神的心亂了", "Chapter_ID": 30},{"ChapterName": "第30章 趙學五，你干什麼？", "Chapter_ID": 31},{"ChapterName": "第31章 英雄孤膽", "Chapter_ID": 32},{"ChapterName": "第32章 危機四伏", "Chapter_ID": 33},{"ChapterName": "第33章 拖延時間", "Chapter_ID": 34},{"ChapterName": "第34章 借勢裝逼", "Chapter_ID": 35},{"ChapterName": "第35章 警局也有會員卡", "Chapter_ID": 36},{"ChapterName": "第36章 威蓋八方的羿朝南", "Chapter_ID": 37},{"ChapterName": "第37章 第一個高級技能", "Chapter_ID": 38},{"ChapterName": "第38章 女神也怕疼", "Chapter_ID": 39},{"ChapterName": "第39章 同床共枕", "Chapter_ID": 40},{"ChapterName": "第40章 意亂情迷", "Chapter_ID": 41},{"ChapterName": "第41章 突破了", "Chapter_ID": 42},{"ChapterName": "第42章 公交車上的豬手", "Chapter_ID": 43},{"ChapterName": "第43章 小伊姐對不起！我！", "Chapter_ID": 44},{"ChapterName": "第44章 尷尬下的衝動", "Chapter_ID": 45},{"ChapterName": "第45章 第一個精通級技能", "Chapter_ID": 46},{"ChapterName": "第46章 靚女怕纏漢", "Chapter_ID": 47},{"ChapterName": "第47章 小伊求饒", "Chapter_ID": 48},{"ChapterName": "第48章 三番兩次的姚立風", "Chapter_ID": 49},{"ChapterName": "第49章 看誰後台大", "Chapter_ID": 50},{"ChapterName": "第50章 老子不幹了", "Chapter_ID": 51},{"ChapterName": "第51章", "Chapter_ID": 52},{"ChapterName": "第52章 狗急跳牆了", "Chapter_ID": 53},{"ChapterName": "第53章 空姐給找茬", "Chapter_ID": 54},{"ChapterName": "第54章 我就咬你了", "Chapter_ID": 55},{"ChapterName": "第55章 鬧市中的謫仙", "Chapter_ID": 56},{"ChapterName": "第56章 舒服吧", "Chapter_ID": 57},{"ChapterName": "第57章", "Chapter_ID": 58},{"ChapterName": "第58章 扯大旗", "Chapter_ID": 59},{"ChapterName": "第59章 事情鬧大了", "Chapter_ID": 60},{"ChapterName": "第60章", "Chapter_ID": 61},{"ChapterName": "第61章", "Chapter_ID": 62},{"ChapterName": "第62章", "Chapter_ID": 63},{"ChapterName": "第63章", "Chapter_ID": 64},{"ChapterName": "第64章 好男不跟女斗", "Chapter_ID": 65},{"ChapterName": "第65章 初見華老太", "Chapter_ID": 66},{"ChapterName": "第66章 憑神馬幫你", "Chapter_ID": 67},{"ChapterName": "第67章 你有張良計我有過牆梯", "Chapter_ID": 68},{"ChapterName": "第68章 調戲母暴龍", "Chapter_ID": 69},{"ChapterName": "第69章 那是反骨仔", "Chapter_ID": 70},{"ChapterName": "第70章 神秘的黑玫瑰", "Chapter_ID": 71},{"ChapterName": "第71章 一波三折", "Chapter_ID": 72},{"ChapterName": "第72章 被綁架了", "Chapter_ID": 73},{"ChapterName": "第73章 別動我的弟弟", "Chapter_ID": 74},{"ChapterName": "第74章 又有美女要倒貼", "Chapter_ID": 75},{"ChapterName": "第75章 小伊你真美", "Chapter_ID": 76},{"ChapterName": "第76章 今天不方便", "Chapter_ID": 77},{"ChapterName": "第77章 他是滿清後裔", "Chapter_ID": 78},{"ChapterName": "第78章 給本姑奶奶笑一個", "Chapter_ID": 79},{"ChapterName": "第79章 小子，哥看上你了", "Chapter_ID": 80},{"ChapterName": "第80章 我喜歡的是女人", "Chapter_ID": 81},{"ChapterName": "第81章 手術", "Chapter_ID": 82},{"ChapterName": "第82章 問計夜歸人", "Chapter_ID": 83},{"ChapterName": "第83章 心扎一樣疼", "Chapter_ID": 84},{"ChapterName": "第84章 下套", "Chapter_ID": 85},{"ChapterName": "第85章 爹！救我！", "Chapter_ID": 86},{"ChapterName": "第86章 陳局長！不要自誤！", "Chapter_ID": 87},{"ChapterName": "第87章 輿論大反擊", "Chapter_ID": 88},{"ChapterName": "第88章 色胚，你給我起來", "Chapter_ID": 89},{"ChapterName": "第89章 吃干抹凈不認賬", "Chapter_ID": 90},{"ChapterName": "第90章 五哥哥！五哥哥！五哥哥！", "Chapter_ID": 91},{"ChapterName": "第91章 姚立風被捕了！五哥哥我錯了！", "Chapter_ID": 92},{"ChapterName": "第92章 原來看電影要這樣", "Chapter_ID": 93},{"ChapterName": "第93章 竟然是個紅拂女", "Chapter_ID": 94},{"ChapterName": "第94章 回家！回家吃飯！", "Chapter_ID": 95},{"ChapterName": "第95章 嬸子的私房錢給你了", "Chapter_ID": 96},{"ChapterName": "第96章 怡紅院變成真的了", "Chapter_ID": 97},{"ChapterName": "第97章 弈朝南中毒了", "Chapter_ID": 98},{"ChapterName": "第98章 我有辦法解毒", "Chapter_ID": 99},{"ChapterName": "第99章 張雨柔的算計", "Chapter_ID": 100},{"ChapterName": "第100章 無事不登三寶殿", "Chapter_ID": 101},{"ChapterName": "第101章 黑玫瑰誤會了", "Chapter_ID": 102},{"ChapterName": "第102章 現代隱居者", "Chapter_ID": 103},{"ChapterName": "第103章 武俠世界", "Chapter_ID": 104},{"ChapterName": "第104章 不近人情的師父", "Chapter_ID": 105},{"ChapterName": "第105章 他大爺的，自己老媽是韋小寶的後代！", "Chapter_ID": 106},{"ChapterName": "第106章 解毒", "Chapter_ID": 107},{"ChapterName": "第107章 空間儲物功能開啟！老爹出事了！", "Chapter_ID": 108},{"ChapterName": "第108章 幕後黑手是姚立風", "Chapter_ID": 109},{"ChapterName": "第109章 謀划", "Chapter_ID": 110},{"ChapterName": "第110章 老爹背後的力量", "Chapter_ID": 111},{"ChapterName": "第111章 十二金釵", "Chapter_ID": 112},{"ChapterName": "第112章 迷人的歌聲", "Chapter_ID": 113},{"ChapterName": "第113章 風流控的威力", "Chapter_ID": 114},{"ChapterName": "第114章 收點利息", "Chapter_ID": 115},{"ChapterName": "第115章 米奇變心了", "Chapter_ID": 116},{"ChapterName": "第116章 米琪嚴重的趙學五", "Chapter_ID": 117},{"ChapterName": "第117章 老刀幫的計劃", "Chapter_ID": 118},{"ChapterName": "第118章 危險！又是車禍！", "Chapter_ID": 119},{"ChapterName": "第119章 意料之外的援手", "Chapter_ID": 120},{"ChapterName": "第120章 暴怒的鐘建龍", "Chapter_ID": 121},{"ChapterName": "第121章 控制探春", "Chapter_ID": 122},{"ChapterName": "第122章 壓服小伊", "Chapter_ID": 123},{"ChapterName": "第123章 將計就計", "Chapter_ID": 124},{"ChapterName": "第124章 探春的誘惑", "Chapter_ID": 125},{"ChapterName": "第125章 妖精！", "Chapter_ID": 126},{"ChapterName": "第126章 潛入佳人酒吧", "Chapter_ID": 127},{"ChapterName": "第127章 第一次殺人！", "Chapter_ID": 128},{"ChapterName": "第128章 收復黛玉", "Chapter_ID": 129},{"ChapterName": "第129章 小蘭也是叛徒", "Chapter_ID": 130},{"ChapterName": "第130章 預料之外的反水", "Chapter_ID": 131},{"ChapterName": "第131章 風水輪流轉", "Chapter_ID": 132},{"ChapterName": "第132章 到底是誰在幫自己", "Chapter_ID": 133},{"ChapterName": "第133章 談判", "Chapter_ID": 134},{"ChapterName": "第134章 殺人後的隱患", "Chapter_ID": 135},{"ChapterName": "第135章 我就逼你了", "Chapter_ID": 136},{"ChapterName": "第136章 我要你做我的女人", "Chapter_ID": 137},{"ChapterName": "第137章 調戲良家婦女", "Chapter_ID": 138},{"ChapterName": "第138章 簫聲陣陣", "Chapter_ID": 139},{"ChapterName": "第139章 色字頭上一把刀", "Chapter_ID": 140},{"ChapterName": "第140章 光頭的抉擇", "Chapter_ID": 141},{"ChapterName": "第141章 姚長興要棄車保帥", "Chapter_ID": 142},{"ChapterName": "第142章 果敢黛玉", "Chapter_ID": 143},{"ChapterName": "第143章 途生變故", "Chapter_ID": 144},{"ChapterName": "第144章 老刀的誤會", "Chapter_ID": 145},{"ChapterName": "第145章 陌路梟雄，對與錯！", "Chapter_ID": 146},{"ChapterName": "第146章 小伊姐的擔憂", "Chapter_ID": 147},{"ChapterName": "第147章 收網", "Chapter_ID": 148},{"ChapterName": "第148章 你走到頭了", "Chapter_ID": 149},{"ChapterName": "第149章 歡呼雀躍", "Chapter_ID": 150},{"ChapterName": "第150章 各方拉攏", "Chapter_ID": 151},{"ChapterName": "第151章 黑洗白策略", "Chapter_ID": 152},{"ChapterName": "第152章 酒後迷亂", "Chapter_ID": 153},{"ChapterName": "第153章 殺手到來", "Chapter_ID": 154},{"ChapterName": "第154章 陳俊安的野望", "Chapter_ID": 155},{"ChapterName": "第155章 生死時速", "Chapter_ID": 156},{"ChapterName": "第156章 高壓鍋異能", "Chapter_ID": 157},{"ChapterName": "第157章 憋屈的死亡", "Chapter_ID": 158},{"ChapterName": "第158章 OL女郎的BRA", "Chapter_ID": 159},{"ChapterName": "第159章 這是按摩還是誘惑", "Chapter_ID": 160},{"ChapterName": "第160章 禽獸還是禽獸不如", "Chapter_ID": 161},{"ChapterName": "第161章 直指覃若彤的本心", "Chapter_ID": 162},{"ChapterName": "第162章 茄子！海鮮！", "Chapter_ID": 163},{"ChapterName": "第163章 生活如此多嬌", "Chapter_ID": 164},{"ChapterName": "第164章 大豐收", "Chapter_ID": 165},{"ChapterName": "第165章 張秀玉的陰謀", "Chapter_ID": 166},{"ChapterName": "第166章 矛盾的張雨柔", "Chapter_ID": 167},{"ChapterName": "第167章 張雨柔的爆發", "Chapter_ID": 168},{"ChapterName": "第168章 險死還生", "Chapter_ID": 169},{"ChapterName": "第169章 女人之間的戰爭", "Chapter_ID": 170},{"ChapterName": "第170章 漢子", "Chapter_ID": 171},{"ChapterName": "第171章 第一個女僕", "Chapter_ID": 172},{"ChapterName": "第172章 出發去滇省", "Chapter_ID": 173},{"ChapterName": "第173章 一個明星引發的血案", "Chapter_ID": 174},{"ChapterName": "第174章 意外地收穫", "Chapter_ID": 175},{"ChapterName": "第175章 極品少婦", "Chapter_ID": 176},{"ChapterName": "第176章 市委大院", "Chapter_ID": 177},{"ChapterName": "第177章 老爹的秘密", "Chapter_ID": 178},{"ChapterName": "第178章 楚凌菲逆襲", "Chapter_ID": 179},{"ChapterName": "第179章 做賊心虛", "Chapter_ID": 180},{"ChapterName": "第180章 二貨哪裡都有", "Chapter_ID": 181},{"ChapterName": "第181章 逼你現身", "Chapter_ID": 182},{"ChapterName": "第182章 欺負的就是你", "Chapter_ID": 183},{"ChapterName": "第183章 玉石交易市場", "Chapter_ID": 184},{"ChapterName": "第184章 挑石頭", "Chapter_ID": 185},{"ChapterName": "第185章 倒霉催的", "Chapter_ID": 186},{"ChapterName": "第186章 又見二貨", "Chapter_ID": 187},{"ChapterName": "第187章 終於漲了", "Chapter_ID": 188},{"ChapterName": "第188章 玩把大的", "Chapter_ID": 189},{"ChapterName": "第189章 演戲", "Chapter_ID": 190},{"ChapterName": "第190章 內牛滿面", "Chapter_ID": 191},{"ChapterName": "第191章 泰山北斗", "Chapter_ID": 192},{"ChapterName": "第192章 地球村", "Chapter_ID": 193},{"ChapterName": "第193章 又見極品少婦", "Chapter_ID": 194},{"ChapterName": "第194章 端莊少婦失態了", "Chapter_ID": 195},{"ChapterName": "第195章 極限男女pk", "Chapter_ID": 196},{"ChapterName": "第196章 國人要雄起", "Chapter_ID": 197},{"ChapterName": "第197章 開始行動", "Chapter_ID": 198},{"ChapterName": "第198章 狗咬狗去吧", "Chapter_ID": 199},{"ChapterName": "第199章 鬱悶的人生", "Chapter_ID": 200},{"ChapterName": "第200章 女性內衣公司的男總裁", "Chapter_ID": 201},{"ChapterName": "第201章 辦公室的狼狼之手", "Chapter_ID": 202},{"ChapterName": "第202章 不斷降低的底線", "Chapter_ID": 203},{"ChapterName": "第203章 老闆椅上的瘋狂", "Chapter_ID": 204},{"ChapterName": "第204章 王八之氣震妹妹", "Chapter_ID": 205},{"ChapterName": "第205章 其實我是打醬油的", "Chapter_ID": 206},{"ChapterName": "第206章 曖昧電話", "Chapter_ID": 207},{"ChapterName": "第207章 榨乾你", "Chapter_ID": 208},{"ChapterName": "第208章 交鋒", "Chapter_ID": 209},{"ChapterName": "第209章 莫裝B裝B遭雷劈", "Chapter_ID": 210},{"ChapterName": "第210章 你的胸有問題", "Chapter_ID": 211},{"ChapterName": "第211章 狼窩裡多了一個美女", "Chapter_ID": 212},{"ChapterName": "第212章 布局開始", "Chapter_ID": 213},{"ChapterName": "第213章 臉紅的雨涵", "Chapter_ID": 214},{"ChapterName": "第214章 課堂上的溫馨", "Chapter_ID": 215},{"ChapterName": "第215章 吃點小豆腐", "Chapter_ID": 216},{"ChapterName": "第216章 暗鬥", "Chapter_ID": 217},{"ChapterName": "第217章 對戰老色鬼", "Chapter_ID": 218},{"ChapterName": "第218章 風波起", "Chapter_ID": 219},{"ChapterName": "第219章 鬼迷心竅", "Chapter_ID": 220},{"ChapterName": "第220章 意料之外的波折", "Chapter_ID": 221},{"ChapterName": "第221章 盡棄前嫌的曖昧", "Chapter_ID": 222},{"ChapterName": "第222章 老闆院長", "Chapter_ID": 223},{"ChapterName": "第223章 再攻破一個堡壘", "Chapter_ID": 224},{"ChapterName": "第224章 國際名模", "Chapter_ID": 225},{"ChapterName": "第225章 調教女僕", "Chapter_ID": 226},{"ChapterName": "第226章 找女人來刺殺我，這不是送菜嗎", "Chapter_ID": 227},{"ChapterName": "第227章 腦殘的女忍者", "Chapter_ID": 228},{"ChapterName": "第228章 為國爭光", "Chapter_ID": 229},{"ChapterName": "第229章 調教女僕", "Chapter_ID": 230},{"ChapterName": "第230章 邪惡的YD", "Chapter_ID": 231},{"ChapterName": "第231章 戰力狂飆", "Chapter_ID": 232},{"ChapterName": "第232章 閑的蛋疼", "Chapter_ID": 233},{"ChapterName": "第233章 終於可以裝一把了", "Chapter_ID": 234},{"ChapterName": "第234章 誰欺負我女人，我就弄死他！", "Chapter_ID": 235},{"ChapterName": "第235章 坑的就是你", "Chapter_ID": 236},{"ChapterName": "第236章 好消息和壞消息", "Chapter_ID": 237},{"ChapterName": "第237章 安全局也盯上了", "Chapter_ID": 238},{"ChapterName": "第238章 桌子底下的曖昧", "Chapter_ID": 239},{"ChapterName": "第239章 鬼啊", "Chapter_ID": 240},{"ChapterName": "第240章 男女搭配幹活不累", "Chapter_ID": 241},{"ChapterName": "第241章 硝煙的味道", "Chapter_ID": 242},{"ChapterName": "第242章 逃走的魁首", "Chapter_ID": 243},{"ChapterName": "第243章 地下屠宰場", "Chapter_ID": 244},{"ChapterName": "第244章 趙學五的態度", "Chapter_ID": 245},{"ChapterName": "第245章 小伊姐的真面目", "Chapter_ID": 246},{"ChapterName": "第246章 女人很強大", "Chapter_ID": 247},{"ChapterName": "第247章 不要那你的腦殘來侮辱我的智商", "Chapter_ID": 248},{"ChapterName": "第248章 流言可畏啊", "Chapter_ID": 249},{"ChapterName": "第249章 把老闆院長侃暈", "Chapter_ID": 250},{"ChapterName": "第250章 爆發", "Chapter_ID": 251},{"ChapterName": "第251章 咱就是爺們", "Chapter_ID": 252},{"ChapterName": "第252章 系隊服軟", "Chapter_ID": 253},{"ChapterName": "第253章 刀山火海吾亦往矣", "Chapter_ID": 254},{"ChapterName": "第254章 與爾同生共死", "Chapter_ID": 255},{"ChapterName": "第255章 銀窩顯神威", "Chapter_ID": 256},{"ChapterName": "第256章 不要在我的地撒潑", "Chapter_ID": 257},{"ChapterName": "第257章 同歸於盡", "Chapter_ID": 258},{"ChapterName": "第258章 牡丹花下死", "Chapter_ID": 259},{"ChapterName": "第259章 搶着被洗澡", "Chapter_ID": 260},{"ChapterName": "第260章 誰輸了誰贏了", "Chapter_ID": 261},{"ChapterName": "第261章 要命啊", "Chapter_ID": 262},{"ChapterName": "第262章 女神暴動", "Chapter_ID": 263},{"ChapterName": "第263章 屌絲男的怒吼", "Chapter_ID": 264},{"ChapterName": "第264章 誰陰誰", "Chapter_ID": 265},{"ChapterName": "第265章 尼瑪，好大的坑", "Chapter_ID": 266},{"ChapterName": "第266章 為草根而歡呼", "Chapter_ID": 267},{"ChapterName": "第267章 不愛紅裝愛武裝", "Chapter_ID": 268},{"ChapterName": "第268章 叢林對決", "Chapter_ID": 269},{"ChapterName": "第269章 乖乖女槍法好", "Chapter_ID": 270},{"ChapterName": "第270章 爺們要崛起", "Chapter_ID": 271},{"ChapterName": "第271章 陰謀詭計都是紙老虎", "Chapter_ID": 272},{"ChapterName": "第272章 誰更強", "Chapter_ID": 273},{"ChapterName": "第273章 踹的就是你", "Chapter_ID": 274},{"ChapterName": "第274章 牲口啊", "Chapter_ID": 275},{"ChapterName": "第275章 這才是牲口的至高境界", "Chapter_ID": 276},{"ChapterName": "第276章 誰說戀愛的女人傻", "Chapter_ID": 277},{"ChapterName": "第277章 極品OL的瘋狂", "Chapter_ID": 278},{"ChapterName": "第278章 齊人之福", "Chapter_ID": 279},{"ChapterName": "第279章 好吧聽你的", "Chapter_ID": 280},{"ChapterName": "第280章 欠抽的貨", "Chapter_ID": 281},{"ChapterName": "第281章 HZ大廈", "Chapter_ID": 282},{"ChapterName": "第282章 死要錢的系統", "Chapter_ID": 283},{"ChapterName": "第283章 驚艷還是驚羡", "Chapter_ID": 284},{"ChapterName": "第284章 果真國外的生活更精彩", "Chapter_ID": 285},{"ChapterName": "第285章 好恐怖的女人", "Chapter_ID": 286},{"ChapterName": "第286章 智商高也比不過金手指", "Chapter_ID": 287},{"ChapterName": "第287章 日出煙霞", "Chapter_ID": 288},{"ChapterName": "第288章 豬腳就是用來被嫉妒的", "Chapter_ID": 289},{"ChapterName": "第289章 讓玫瑰姐犒勞你吧", "Chapter_ID": 290},{"ChapterName": "第290章 黑玫瑰的陰謀", "Chapter_ID": 291},{"ChapterName": "第291章 哥不是超音波武器", "Chapter_ID": 292},{"ChapterName": "第292章 一鳴驚人", "Chapter_ID": 293},{"ChapterName": "第293章 高山的秘密", "Chapter_ID": 294},{"ChapterName": "第294章 又被堵門了", "Chapter_ID": 295},{"ChapterName": "第295章 爭芳鬥豔", "Chapter_ID": 296},{"ChapterName": "第296章 唐雨涵的強硬", "Chapter_ID": 297},{"ChapterName": "第297章 鋼琴王子", "Chapter_ID": 298},{"ChapterName": "第298章 瘋狂大變身", "Chapter_ID": 299},{"ChapterName": "第299章 無恥黑哨", "Chapter_ID": 300},{"ChapterName": "第300章 神獸的威望", "Chapter_ID": 301},{"ChapterName": "第301章 遊行示威", "Chapter_ID": 302},{"ChapterName": "第302章 我是你們的神獸", "Chapter_ID": 303},{"ChapterName": "第303章 熱血仍在沸騰", "Chapter_ID": 304},{"ChapterName": "第304章 拳打馬黑哨，腳踢馬豬頭", "Chapter_ID": 305},{"ChapterName": "第305章 神獸變成害人精", "Chapter_ID": 306},{"ChapterName": "第306章 殺機暗襲", "Chapter_ID": 307},{"ChapterName": "第307章 暴打合法強盜", "Chapter_ID": 308},{"ChapterName": "第308章 打的就是你", "Chapter_ID": 309},{"ChapterName": "第309章 武林中人", "Chapter_ID": 310},{"ChapterName": "第310章 你們好像不太歡迎我", "Chapter_ID": 311},{"ChapterName": "第311章 有後台照打不誤", "Chapter_ID": 312},{"ChapterName": "第312章 市長來了", "Chapter_ID": 313},{"ChapterName": "第313章 還我一個公道", "Chapter_ID": 314},{"ChapterName": "第314章 官場掃把星", "Chapter_ID": 315},{"ChapterName": "第315章 戰力強大了也發愁", "Chapter_ID": 316},{"ChapterName": "第316章 邪惡的咬", "Chapter_ID": 317},{"ChapterName": "第317章 遭遇大明星", "Chapter_ID": 318},{"ChapterName": "第318章 大明星的魅惑", "Chapter_ID": 319},{"ChapterName": "第319章 大明星的心機", "Chapter_ID": 320},{"ChapterName": "第320章 我可以睡你家嗎", "Chapter_ID": 321},{"ChapterName": "第321章 引.誘不成反被", "Chapter_ID": 322},{"ChapterName": "第322章 大明星是用來推倒的", "Chapter_ID": 323},{"ChapterName": "第323章 大幹一場", "Chapter_ID": 324},{"ChapterName": "第324章 黑皇蘇醒", "Chapter_ID": 325},{"ChapterName": "第325章 天外來音", "Chapter_ID": 326},{"ChapterName": "第326章 神獸救場", "Chapter_ID": 327},{"ChapterName": "第327章 小癟三敢不敢賭一把", "Chapter_ID": 328},{"ChapterName": "第328章 腳踩大明星", "Chapter_ID": 329},{"ChapterName": "第329章 大明星，照樣爆掉", "Chapter_ID": 330},{"ChapterName": "第330章 大明星照踩", "Chapter_ID": 331},{"ChapterName": "第331章 比自己還牛掰的師侄", "Chapter_ID": 332},{"ChapterName": "第332章 玉女掌門人的心思", "Chapter_ID": 333},{"ChapterName": "第333章 眾目睽睽美女換新衣", "Chapter_ID": 334},{"ChapterName": "第334章 我以戰鼓現英魂", "Chapter_ID": 335},{"ChapterName": "第335章 舞台操控者", "Chapter_ID": 336},{"ChapterName": "第336章 剛才那個聲音勾魂嗎", "Chapter_ID": 337},{"ChapterName": "第337章 爆棚的人氣", "Chapter_ID": 338},{"ChapterName": "第338章 眾目睽睽之下的交易", "Chapter_ID": 339},{"ChapterName": "第339章 傳說中的狗仔隊", "Chapter_ID": 340},{"ChapterName": "第340章 牛掰的狗仔隊之王", "Chapter_ID": 341},{"ChapterName": "第341章 或踏浪而行或浪死沙灘", "Chapter_ID": 342},{"ChapterName": "第342章 傳說中的師兄", "Chapter_ID": 343},{"ChapterName": "第343章 特戰基地", "Chapter_ID": 344},{"ChapterName": "第344章 不對付的女魔頭", "Chapter_ID": 345},{"ChapterName": "第345章 我就是偷吃了", "Chapter_ID": 346},{"ChapterName": "第346章 老爹的情人", "Chapter_ID": 347},{"ChapterName": "第347章 考核標準", "Chapter_ID": 348},{"ChapterName": "第348章 震驚全場", "Chapter_ID": 349},{"ChapterName": "第349章 牛掰的槍法", "Chapter_ID": 350},{"ChapterName": "第350章 英魂之誓", "Chapter_ID": 351},{"ChapterName": "第351章 槍法升級", "Chapter_ID": 352},{"ChapterName": "第352章 為祖國盡忠", "Chapter_ID": 353},{"ChapterName": "第353章 趙家男人", "Chapter_ID": 354},{"ChapterName": "第354章 任務：殺鬼子", "Chapter_ID": 355},{"ChapterName": "第355章 密林發威", "Chapter_ID": 356},{"ChapterName": "第356章 滾他瑪的戰時條例", "Chapter_ID": 357},{"ChapterName": "第357章 血性男兒", "Chapter_ID": 358},{"ChapterName": "第358章 強打迫擊跑", "Chapter_ID": 359},{"ChapterName": "第359章 鬼子的陰.毛", "Chapter_ID": 360},{"ChapterName": "第360章 初遇魔鬼特戰小隊", "Chapter_ID": 361},{"ChapterName": "第361章 趙學五的秘密", "Chapter_ID": 362},{"ChapterName": "第362章 忍者？一槍干一個", "Chapter_ID": 363},{"ChapterName": "第363章 打不過你炸死你", "Chapter_ID": 364},{"ChapterName": "第364章 垃圾級別的戰利品", "Chapter_ID": 365},{"ChapterName": "第365章 任務：抹殺", "Chapter_ID": 366},{"ChapterName": "第366章 牛掰到慫的老爹", "Chapter_ID": 367},{"ChapterName": "第367章 你就是色狼", "Chapter_ID": 368},{"ChapterName": "第368章", "Chapter_ID": 369},{"ChapterName": "第369章 你這是在給我找情敵嗎", "Chapter_ID": 370},{"ChapterName": "第370章 夢想起飛之地", "Chapter_ID": 371},{"ChapterName": "第371章 楚凌菲歸來", "Chapter_ID": 372},{"ChapterName": "第372章 被少婦調戲了", "Chapter_ID": 373},{"ChapterName": "第373章 無語的嗜好", "Chapter_ID": 374},{"ChapterName": "第374章 美女效應", "Chapter_ID": 375},{"ChapterName": "第375章 紈絝這才叫紈絝！", "Chapter_ID": 376},{"ChapterName": "第376章 誰打！我給工作", "Chapter_ID": 377},{"ChapterName": "第377章 我就要的就是跟你硬碰硬", "Chapter_ID": 378},{"ChapterName": "第378章 省高層的反應", "Chapter_ID": 379},{"ChapterName": "第379章 你不行換你親戚來", "Chapter_ID": 380},{"ChapterName": "第380章 神獸還可以用來調節家庭糾紛", "Chapter_ID": 381},{"ChapterName": "第381章 草根也會怒吼", "Chapter_ID": 382},{"ChapterName": "第382章 燎原之火", "Chapter_ID": 383},{"ChapterName": "第383章 軍警對峙", "Chapter_ID": 384},{"ChapterName": "第384章 誰敢欺負我們的神獸！", "Chapter_ID": 385},{"ChapterName": "第385章 神獸的夢想", "Chapter_ID": 386},{"ChapterName": "第386章 各方驚駭", "Chapter_ID": 387},{"ChapterName": "第387章 娛樂圈大反應", "Chapter_ID": 388},{"ChapterName": "第388章 夜半偷香", "Chapter_ID": 389},{"ChapterName": "第389章 二把手請吃飯", "Chapter_ID": 390},{"ChapterName": "第390章 敲定金環集團", "Chapter_ID": 391},{"ChapterName": "第391章 神獸的要求", "Chapter_ID": 392},{"ChapterName": "第392章 作良心不等於作慈善", "Chapter_ID": 393},{"ChapterName": "第393章 天才般的創意", "Chapter_ID": 394},{"ChapterName": "剛剛第一章效果圖，是一張高空遠景的效果圖，雖然剛看到那個效果圖趙學五就被它給震撼到了，他也打心眼裡喜歡，但是真正讓趙學五決定是否採用它的，取決於它的近景效果圖。", "Chapter_ID": 395},{"ChapterName": "“當然有，你難道真的以為你導師我，跟你一樣不靠譜啊！”老闆院長調侃了趙學五一句，接着打開了第二章效果圖！", "Chapter_ID": 396},{"ChapterName": "第二章效果圖，就直觀了很多，只見三棟，高聳入雲的摩天大廈成品字形排列，如同古老的圖騰柱一般，古樸厚重，大氣非常，而真正吸引眾人目光的光卻是最頂端，那以三棟摩天大樓為柱基，建起的一片空中陸地，而剛才那一片空中樓閣，就建在這一片空中陸地之上。", "Chapter_ID": 397},{"ChapterName": "第394章 母暴龍的溫柔", "Chapter_ID": 398},{"ChapterName": "第395章 黑道會盟啊這是！", "Chapter_ID": 399},{"ChapterName": "第396章 終於來正常點的了", "Chapter_ID": 400},{"ChapterName": "第397章 超級來客", "Chapter_ID": 401},{"ChapterName": "第398章 大手筆", "Chapter_ID": 402},{"ChapterName": "第399章 眾生三界", "Chapter_ID": 403},{"ChapterName": "第400章 良心標準", "Chapter_ID": 404},{"ChapterName": "第401章 問緋聞去問徐依依", "Chapter_ID": 405},{"ChapterName": "第402章 打劫李夫人", "Chapter_ID": 406},{"ChapterName": "第403章 雪中送炭", "Chapter_ID": 407},{"ChapterName": "第404章 詭異的新聞發布會", "Chapter_ID": 408},{"ChapterName": "第405章 火大了", "Chapter_ID": 409},{"ChapterName": "第406章 爆發了", "Chapter_ID": 410},{"ChapterName": "第407章 初臨自由港", "Chapter_ID": 411},{"ChapterName": "第408章 自由港粉絲狂潮", "Chapter_ID": 412},{"ChapterName": "第409章 神獸的第一次", "Chapter_ID": 413},{"ChapterName": "第410章 又見雙胞胎姐姐", "Chapter_ID": 414},{"ChapterName": "第411章 拍戲不容易", "Chapter_ID": 415},{"ChapterName": "第412章 武打戲", "Chapter_ID": 416},{"ChapterName": "第413章 再見小伊姐", "Chapter_ID": 417},{"ChapterName": "第414章 《咆哮的小草》", "Chapter_ID": 418},{"ChapterName": "第415章 感動，神獸後援團！", "Chapter_ID": 419},{"ChapterName": "第416章 震翻自由港", "Chapter_ID": 420},{"ChapterName": "第417章 狂暴慶功宴", "Chapter_ID": 421},{"ChapterName": "第418章 我不要任務我要你", "Chapter_ID": 422},{"ChapterName": "第419章 天降餡餅", "Chapter_ID": 423},{"ChapterName": "第420章 禽獸還是禽獸不如", "Chapter_ID": 424},{"ChapterName": "第421章 用強", "Chapter_ID": 425},{"ChapterName": "第422章 首發單曲的轟動", "Chapter_ID": 426},{"ChapterName": "第423章 沖向快本", "Chapter_ID": 427},{"ChapterName": "第424章 緋聞別找我", "Chapter_ID": 428},{"ChapterName": "第425章 大明星約我", "Chapter_ID": 429},{"ChapterName": "第426章 緋聞終於來了", "Chapter_ID": 430},{"ChapterName": "第427章 反擊序幕", "Chapter_ID": 431},{"ChapterName": "第428章 今天我不逃跑", "Chapter_ID": 432},{"ChapterName": "第429章 犀利反擊", "Chapter_ID": 433},{"ChapterName": "第430章 浪潮迭起", "Chapter_ID": 434},{"ChapterName": "第431章 神獸就是奇迹", "Chapter_ID": 435},{"ChapterName": "第432章 任務獎勵", "Chapter_ID": 436},{"ChapterName": "第433章 那混蛋來江城了", "Chapter_ID": 437},{"ChapterName": "第434章 看望飄雪", "Chapter_ID": 438},{"ChapterName": "第435章 飄雪獻身", "Chapter_ID": 439},{"ChapterName": "第436章 我就是奇迹", "Chapter_ID": 440},{"ChapterName": "第437章 突破", "Chapter_ID": 441},{"ChapterName": "第438章", "Chapter_ID": 442},{"ChapterName": "第439章 交易", "Chapter_ID": 443},{"ChapterName": "第440章 找到懷疑對象", "Chapter_ID": 444},{"ChapterName": "第441章 可怕的神獸後援團", "Chapter_ID": 445},{"ChapterName": "第442章 衝突", "Chapter_ID": 446},{"ChapterName": "第443章 神獸後援團集體叛變", "Chapter_ID": 447},{"ChapterName": "第444章 瘋狂演繹", "Chapter_ID": 448},{"ChapterName": "第445章 真正的瘋狂", "Chapter_ID": 449},{"ChapterName": "第446章 賺大了", "Chapter_ID": 450},{"ChapterName": "第447章 娘類，有錢也不能這麼花", "Chapter_ID": 451},{"ChapterName": "第448章 提升眾女的實力", "Chapter_ID": 452},{"ChapterName": "第449章 翻身做主的農奴", "Chapter_ID": 453},{"ChapterName": "第450章 灌醉大明星", "Chapter_ID": 454},{"ChapterName": "第451章 衝擊神位", "Chapter_ID": 455},{"ChapterName": "第452章 自作自受", "Chapter_ID": 456},{"ChapterName": "第453章 恐怖的浪潮", "Chapter_ID": 457},{"ChapterName": "第454章 陷害", "Chapter_ID": 458},{"ChapterName": "第455章 原來是你", "Chapter_ID": 459},{"ChapterName": "第456章 特種部隊也怒了", "Chapter_ID": 460},{"ChapterName": "第457章 趙學五的報復", "Chapter_ID": 461},{"ChapterName": "第458章 談條件", "Chapter_ID": 462},{"ChapterName": "第459章 糾結的李葉", "Chapter_ID": 463},{"ChapterName": "第460章 不帶這麼玩人的", "Chapter_ID": 464},{"ChapterName": "第461章 官場掃把星的威力", "Chapter_ID": 465},{"ChapterName": "第462章 最後的燃燒", "Chapter_ID": 466},{"ChapterName": "第463章 悲動天地", "Chapter_ID": 467},{"ChapterName": "第464章 點燃東海", "Chapter_ID": 468},{"ChapterName": "第465章 迷茫而憤怒的粉絲", "Chapter_ID": 469},{"ChapterName": "第466章 再見徐依依，可是永別？", "Chapter_ID": 470},{"ChapterName": "第467章 徐依依的決定", "Chapter_ID": 471},{"ChapterName": "第468章 你相信我嗎", "Chapter_ID": 472},{"ChapterName": "第469章 訂婚典禮", "Chapter_ID": 473},{"ChapterName": "第470章 各方期待", "Chapter_ID": 474},{"ChapterName": "第471章 誰乾死誰", "Chapter_ID": 475},{"ChapterName": "第472章 信不信我踏平西京", "Chapter_ID": 476},{"ChapterName": "第473章 真愛祝福你", "Chapter_ID": 477},{"ChapterName": "第474章 老爹被殺了", "Chapter_ID": 478},{"ChapterName": "第475章 踏平你西京", "Chapter_ID": 479},{"ChapterName": "第476章 為父而戰", "Chapter_ID": 480},{"ChapterName": "第477章 親媽現身", "Chapter_ID": 481},{"ChapterName": "第478章 我被人說野種的時候，你在哪？", "Chapter_ID": 482},{"ChapterName": "第479章 老爹沒死", "Chapter_ID": 483},{"ChapterName": "第480章 升級后的變化", "Chapter_ID": 484},{"ChapterName": "第481章 血濃於水", "Chapter_ID": 485},{"ChapterName": "第482章 踏入林家", "Chapter_ID": 486},{"ChapterName": "第483章 不是一家人不進一家門", "Chapter_ID": 487},{"ChapterName": "第484章 打了小的打老的", "Chapter_ID": 488},{"ChapterName": "第485章 威風是殺出來的", "Chapter_ID": 489},{"ChapterName": "第486章 老爹來了", "Chapter_ID": 490},{"ChapterName": "第487章 不認我媽我不認他", "Chapter_ID": 491},{"ChapterName": "第488章 神獸夢工廠", "Chapter_ID": 492},{"ChapterName": "第二天，神獸的微博再次引發了暴動，因為在他微薄出現了一個新的文章！", "Chapter_ID": 493},{"ChapterName": "第489章 詭異的教室", "Chapter_ID": 494},{"ChapterName": "第490章 唐雨涵的憂傷", "Chapter_ID": 495},{"ChapterName": "第491章 唐雨涵走了", "Chapter_ID": 496},{"ChapterName": "第492章 蘇姨臉紅了", "Chapter_ID": 497},{"ChapterName": "第493章 趙學五又花心了", "Chapter_ID": 498},{"ChapterName": "第494章 近鄉情更怯，不敢問來人", "Chapter_ID": 499},{"ChapterName": "第495章 趙家的規矩", "Chapter_ID": 500},{"ChapterName": "第496章 你們，不行！", "Chapter_ID": 501},{"ChapterName": "第497章 對戰狼牙", "Chapter_ID": 502},{"ChapterName": "第498章 鎮翻老傢伙", "Chapter_ID": 503},{"ChapterName": "第499章 老不死的你老糊塗了", "Chapter_ID": 504},{"ChapterName": "第500章 壓服老不死的", "Chapter_ID": 505},{"ChapterName": "第501章 洪家父子真面目", "Chapter_ID": 506},{"ChapterName": "第502章 洪家被滅", "Chapter_ID": 507},{"ChapterName": "第503章 真誠凈街虎了", "Chapter_ID": 508},{"ChapterName": "第504章 任務進度", "Chapter_ID": 509},{"ChapterName": "第505章 第一次飛行", "Chapter_ID": 510},{"ChapterName": "第506章 好美的一雙玉足", "Chapter_ID": 511},{"ChapterName": "第507章 吃了大豆腐", "Chapter_ID": 512},{"ChapterName": "第508章 唐雨涵的蹤跡", "Chapter_ID": 513},{"ChapterName": "第509章 段家的霸道", "Chapter_ID": 514},{"ChapterName": "第510章 天降隕石嚇死你", "Chapter_ID": 515},{"ChapterName": "第511章 神獸的陰險", "Chapter_ID": 516},{"ChapterName": "第512章 大理李家", "Chapter_ID": 517},{"ChapterName": "第513章 唐雨涵的執念", "Chapter_ID": 518},{"ChapterName": "第514章 逼迫准先天下跪", "Chapter_ID": 519},{"ChapterName": "第515章 唐雨涵的懷疑", "Chapter_ID": 520},{"ChapterName": "第516章 成採花.賊了", "Chapter_ID": 521},{"ChapterName": "第517章 又有人欺負到頭上來了", "Chapter_ID": 522},{"ChapterName": "第518章 他是自己摔死的", "Chapter_ID": 523},{"ChapterName": "第519章 就算是你前總統我也照罵", "Chapter_ID": 524},{"ChapterName": "第520章 華夏軍人", "Chapter_ID": 525},{"ChapterName": "第521章 第一個異能者", "Chapter_ID": 526},{"ChapterName": "第522章 韋家的規矩", "Chapter_ID": 527},{"ChapterName": "第523章 韋家的真正秘密", "Chapter_ID": 528},{"ChapterName": "第524章 突遭劇變", "Chapter_ID": 529},{"ChapterName": "第525章 讓HSD沉入血海", "Chapter_ID": 530},{"ChapterName": "第526章 燃油不足給他打下來", "Chapter_ID": 531},{"ChapterName": "第527章 四方雲動", "Chapter_ID": 532},{"ChapterName": "第528章 玩死S級強者", "Chapter_ID": 533},{"ChapterName": "第529章 終於打服了", "Chapter_ID": 534},{"ChapterName": "第530章 國內危機", "Chapter_ID": 535},{"ChapterName": "第531章 解釋，我需要一個解釋", "Chapter_ID": 536},{"ChapterName": "第532章 趙學五的手段", "Chapter_ID": 537},{"ChapterName": "第533章 三槍打死肺腑境", "Chapter_ID": 538},{"ChapterName": "第534章 劃地為魔立人樁", "Chapter_ID": 539},{"ChapterName": "第535章 轟不死炸死你", "Chapter_ID": 540},{"ChapterName": "第536章 被虐了", "Chapter_ID": 541},{"ChapterName": "第537章 屠家滅族立人樁", "Chapter_ID": 542},{"ChapterName": "第538章", "Chapter_ID": 543},{"ChapterName": "第539章 打斷你的狗爪", "Chapter_ID": 544},{"ChapterName": "第540章 背水一戰", "Chapter_ID": 545},{"ChapterName": "第541章 新的規劃", "Chapter_ID": 546},{"ChapterName": "第542章 仗義每多屠狗輩", "Chapter_ID": 547},{"ChapterName": "第543章 努力不一定會有結果", "Chapter_ID": 548},{"ChapterName": "第544章 我是她的遮面騎士", "Chapter_ID": 549},{"ChapterName": "第545章 我可以為她付出一切", "Chapter_ID": 550},{"ChapterName": "第546章 區區市長而已", "Chapter_ID": 551},{"ChapterName": "第547章 威風震譚城", "Chapter_ID": 552},{"ChapterName": "第548章 搶我兄弟女人找死", "Chapter_ID": 553},{"ChapterName": "第549章 有情人終成眷屬", "Chapter_ID": 554},{"ChapterName": "第550章 只要她過得開心幸福", "Chapter_ID": 555},{"ChapterName": "第551章 只要你幸福就好", "Chapter_ID": 556},{"ChapterName": "第552章 愛情夢工廠", "Chapter_ID": 557},{"ChapterName": "第553章 沐家村", "Chapter_ID": 558},{"ChapterName": "第554章 偽君子", "Chapter_ID": 559},{"ChapterName": "第555章 沐家野心", "Chapter_ID": 560},{"ChapterName": "第556章 收服沐家", "Chapter_ID": 561},{"ChapterName": "第557章 給我掌嘴", "Chapter_ID": 562},{"ChapterName": "第558章", "Chapter_ID": 563},{"ChapterName": "第559章 銀窩試煉任務完成", "Chapter_ID": 564},{"ChapterName": "第560章 古老的要求", "Chapter_ID": 565},{"ChapterName": "第561章 邪刀妖血", "Chapter_ID": 566},{"ChapterName": "第562章 就算你是美女，也不給你面子", "Chapter_ID": 567},{"ChapterName": "第563章 脫離老趙家", "Chapter_ID": 568},{"ChapterName": "第564章 浪費納稅人的錢你還有臉自豪？", "Chapter_ID": 569},{"ChapterName": "第565章 快刀斬亂麻", "Chapter_ID": 570},{"ChapterName": "第566章 被算計了", "Chapter_ID": 571},{"ChapterName": "第567章 強勢", "Chapter_ID": 572},{"ChapterName": "第568章 彪悍的林若寒", "Chapter_ID": 573},{"ChapterName": "第569章 悲催的磨刀石", "Chapter_ID": 574},{"ChapterName": "第570章 敬禮！", "Chapter_ID": 575},{"ChapterName": "第571章 差點失身", "Chapter_ID": 576},{"ChapterName": "第572章 誰虧大了", "Chapter_ID": 577},{"ChapterName": "第573章 趙學五慫了", "Chapter_ID": 578},{"ChapterName": "第574章 囂張的華山", "Chapter_ID": 579},{"ChapterName": "第575章 滅掉一個一流家族", "Chapter_ID": 580},{"ChapterName": "第576章 各方反應", "Chapter_ID": 581},{"ChapterName": "第577章 頂級宗門又怎麼樣", "Chapter_ID": 582},{"ChapterName": "第578章 頂級宗門照樣怕", "Chapter_ID": 583},{"ChapterName": "第579章 准先天也弄死你", "Chapter_ID": 584},{"ChapterName": "第580章 叫板各方勢力", "Chapter_ID": 585},{"ChapterName": "第581章 各方妥協", "Chapter_ID": 586},{"ChapterName": "第582章 華山的示好", "Chapter_ID": 587},{"ChapterName": "第583章 華山的秘密", "Chapter_ID": 588},{"ChapterName": "第584章 收復華山", "Chapter_ID": 589},{"ChapterName": "第585章 君子堂的臉照抽", "Chapter_ID": 590},{"ChapterName": "第586章 再殺准先天", "Chapter_ID": 591},{"ChapterName": "第587章 晉級肺腑境", "Chapter_ID": 592},{"ChapterName": "第588章 戰力倍增", "Chapter_ID": 593},{"ChapterName": "第589章 鬱悶的趙學五", "Chapter_ID": 594},{"ChapterName": "第590章 直飛京都，新任務", "Chapter_ID": 595},{"ChapterName": "第591章 發現目標", "Chapter_ID": 596},{"ChapterName": "第592章 羅曼諾夫家族", "Chapter_ID": 597},{"ChapterName": "第593章 陰魂不散的君子堂", "Chapter_ID": 598},{"ChapterName": "第594章 連殺准先天", "Chapter_ID": 599},{"ChapterName": "第595章 線索斷了", "Chapter_ID": 600},{"ChapterName": "第596章 聖潔的刑訓", "Chapter_ID": 601},{"ChapterName": "第597章 尋找新線索", "Chapter_ID": 602},{"ChapterName": "第598章 拍賣會", "Chapter_ID": 603},{"ChapterName": "第599章 扶桑童顏", "Chapter_ID": 604},{"ChapterName": "第600章 教廷我照樣不鳥", "Chapter_ID": 605},{"ChapterName": "第601章 找親人，還是找女人", "Chapter_ID": 606},{"ChapterName": "第602章 冰原組織", "Chapter_ID": 607},{"ChapterName": "第603章 蘇霍伊家族的示好", "Chapter_ID": 608},{"ChapterName": "第604章 今天偷人去", "Chapter_ID": 609},{"ChapterName": "第605章 羅曼諾夫家族", "Chapter_ID": 610},{"ChapterName": "第606章 哪裡都有不長眼的", "Chapter_ID": 611},{"ChapterName": "第607章 一戰驚人", "Chapter_ID": 612},{"ChapterName": "第608章 大清洗", "Chapter_ID": 613},{"ChapterName": "第609章 雙修者", "Chapter_ID": 614},{"ChapterName": "第610章 沙俄皇族的危機", "Chapter_ID": 615},{"ChapterName": "第611章 先嚇唬嚇唬你", "Chapter_ID": 616},{"ChapterName": "第612章 用實力說話", "Chapter_ID": 617},{"ChapterName": "第613章 擋得住子彈擋不住防空炮", "Chapter_ID": 618},{"ChapterName": "第614章 坑的就是你", "Chapter_ID": 619},{"ChapterName": "第615章 可惜了一場血戰", "Chapter_ID": 620},{"ChapterName": "第616章 康德的仇恨", "Chapter_ID": 621},{"ChapterName": "第二天，他醒過來之後，就交給我這枚徽章，並讓我務必將這枚徽章送到亞寶？羅曼諾夫家族，他剛交代玩這些，就咽氣了。", "Chapter_ID": 622},{"ChapterName": "第617章 幕後黑手愛新覺羅", "Chapter_ID": 623},{"ChapterName": "第618章 壓服銀窩", "Chapter_ID": 624},{"ChapterName": "第619章 沙俄修鍊界的的恐懼", "Chapter_ID": 625},{"ChapterName": "第620章 形勢嚴峻", "Chapter_ID": 626},{"ChapterName": "第621章 被哄搶", "Chapter_ID": 627},{"ChapterName": "第622章 西龍山就是土匪窩", "Chapter_ID": 628},{"ChapterName": "第623章 向頂級宗門開戰", "Chapter_ID": 629},{"ChapterName": "第624章 一劍震天下", "Chapter_ID": 630},{"ChapterName": "第625章 不帶這樣玩人的", "Chapter_ID": 631},{"ChapterName": "第626章 可惡的標題黨", "Chapter_ID": 632},{"ChapterName": "第627章 可愛的粉絲", "Chapter_ID": 633},{"ChapterName": "第628章 清婉姐出事了", "Chapter_ID": 634},{"ChapterName": "第629章 前往極樂谷", "Chapter_ID": 635},{"ChapterName": "第630章 李清婉的危機", "Chapter_ID": 636},{"ChapterName": "第631章 先禮后兵", "Chapter_ID": 637},{"ChapterName": "第632章 嚇死先天", "Chapter_ID": 638},{"ChapterName": "第633章 成唐僧肉了", "Chapter_ID": 639},{"ChapterName": "第634章 領域", "Chapter_ID": 640},{"ChapterName": "第635章 李清婉也是鼎爐", "Chapter_ID": 641},{"ChapterName": "第636章 義結金蘭", "Chapter_ID": 642},{"ChapterName": "第637章 天大的收穫", "Chapter_ID": 643},{"ChapterName": "第638章 三界眾生拍賣會", "Chapter_ID": 644},{"ChapterName": "第639章 天價別墅", "Chapter_ID": 645},{"ChapterName": "第640章 狂賺100億", "Chapter_ID": 646},{"ChapterName": "第641章 腹黑地產商", "Chapter_ID": 647},{"ChapterName": "第642章 強勢反擊", "Chapter_ID": 648},{"ChapterName": "第643章 點燃華夏", "Chapter_ID": 649},{"ChapterName": "第644章 掀起整頓房地產的狂潮", "Chapter_ID": 650},{"ChapterName": "第645章 吐槽春晚", "Chapter_ID": 651},{"ChapterName": "第646章 春晚幕後進行時", "Chapter_ID": 652},{"ChapterName": "第647章 先天來襲", "Chapter_ID": 653},{"ChapterName": "第648章 開啟寶庫", "Chapter_ID": 654},{"ChapterName": "第649章 暴怒", "Chapter_ID": 655},{"ChapterName": "第650章 殺到你心驚膽戰", "Chapter_ID": 656},{"ChapterName": "第651章 氣死先天", "Chapter_ID": 657},{"ChapterName": "第652章 分贓協議", "Chapter_ID": 658},{"ChapterName": "第653章 樓頂約會", "Chapter_ID": 659},{"ChapterName": "第654章 美女頂樑柱", "Chapter_ID": 660},{"ChapterName": "第655章 吃掉張雨柔", "Chapter_ID": 661},{"ChapterName": "第656章 前往臨安 (1)", "Chapter_ID": 662},{"ChapterName": "第657章 前往臨安 (2)", "Chapter_ID": 663},{"ChapterName": "第658章 人樁又見人樁", "Chapter_ID": 664},{"ChapterName": "第659章 不一樣的愛", "Chapter_ID": 665},{"ChapterName": "第660章 幕後黑手", "Chapter_ID": 666},{"ChapterName": "第661章 滴血子", "Chapter_ID": 667},{"ChapterName": "第662章 栽贓", "Chapter_ID": 668},{"ChapterName": "第663章 桂家水牢", "Chapter_ID": 669},{"ChapterName": "第664章 心疼", "Chapter_ID": 670},{"ChapterName": "第665章 眾目睽睽之下", "Chapter_ID": 671},{"ChapterName": "第666章 僵持", "Chapter_ID": 672},{"ChapterName": "第667章 勢如破竹", "Chapter_ID": 673},{"ChapterName": "第668章 收復桂家", "Chapter_ID": 674},{"ChapterName": "第669章 兵發愛新覺羅", "Chapter_ID": 675},{"ChapterName": "第670章 善惡一念間威能初顯", "Chapter_ID": 676},{"ChapterName": "第671章 陣前收大將", "Chapter_ID": 677},{"ChapterName": "第672章 拚命的黑皇", "Chapter_ID": 678},{"ChapterName": "第673章 形勢嚴峻", "Chapter_ID": 679},{"ChapterName": "第674章 殺先天", "Chapter_ID": 680},{"ChapterName": "第675章 炸雷當空", "Chapter_ID": 681},{"ChapterName": "第676章 引敵上鈎", "Chapter_ID": 682},{"ChapterName": "第677章 戰果顯著", "Chapter_ID": 683},{"ChapterName": "第678章 升級的銀窩", "Chapter_ID": 684},{"ChapterName": "第679章 要做寫手的陌陌", "Chapter_ID": 685},{"ChapterName": "第680章 治療李清素", "Chapter_ID": 686},{"ChapterName": "第681章 姐妹花的芳心", "Chapter_ID": 687},{"ChapterName": "第682章 江戶的美女在哪裡", "Chapter_ID": 688},{"ChapterName": "第683章 玩的就是你", "Chapter_ID": 689},{"ChapterName": "第684章 這才叫柔弱無骨", "Chapter_ID": 690},{"ChapterName": "第685章 三胞胎姐妹花", "Chapter_ID": 691},{"ChapterName": "第686章 三姐妹的底細", "Chapter_ID": 692},{"ChapterName": "第687章 絕世名器", "Chapter_ID": 693},{"ChapterName": "第688章 降服三姐妹", "Chapter_ID": 694},{"ChapterName": "第689章 殷緋寒的第一次", "Chapter_ID": 695},{"ChapterName": "第690章 驚采絕艷殷緋寒", "Chapter_ID": 696},{"ChapterName": "第691章 低聲下氣的井田惠三", "Chapter_ID": 697},{"ChapterName": "第692章 窘迫的衛道士", "Chapter_ID": 698},{"ChapterName": "第693章 牛掰的乾坤媚術", "Chapter_ID": 699},{"ChapterName": "第694章 殷緋寒想做武則天", "Chapter_ID": 700},{"ChapterName": "第695章 子劍村正的下落", "Chapter_ID": 701},{"ChapterName": "第696章 地宮", "Chapter_ID": 702},{"ChapterName": "第697章 氣勢爭奪", "Chapter_ID": 703},{"ChapterName": "第698章 先天來襲", "Chapter_ID": 704},{"ChapterName": "第699章 嚇死你", "Chapter_ID": 705},{"ChapterName": "第700章 對戰妖刀村正", "Chapter_ID": 706},{"ChapterName": "第701章 降服妖刀", "Chapter_ID": 707},{"ChapterName": "第702章 華夏震動", "Chapter_ID": 708},{"ChapterName": "第703章 來自國人的危機", "Chapter_ID": 709},{"ChapterName": "第704章 夜探皇宮", "Chapter_ID": 710},{"ChapterName": "第705章 伍尤姍？", "Chapter_ID": 711},{"ChapterName": "第706章 恐嚇半步先天之上", "Chapter_ID": 712},{"ChapterName": "第707章 大戰將起", "Chapter_ID": 713},{"ChapterName": "第708章 誘惑", "Chapter_ID": 714},{"ChapterName": "第709章 對決血脈強者", "Chapter_ID": 715},{"ChapterName": "第710章 推倒唐雨涵", "Chapter_ID": 716},{"ChapterName": "第711章 得償所願", "Chapter_ID": 717},{"ChapterName": "第712章 雙喜臨門", "Chapter_ID": 718},{"ChapterName": "第713章 牛了", "Chapter_ID": 719},{"ChapterName": "第714章 新的危機", "Chapter_ID": 720},{"ChapterName": "第715章 剷除隱患", "Chapter_ID": 721},{"ChapterName": "第716章 又廢了一個大家族", "Chapter_ID": 722},{"ChapterName": "第717章 悲催的安倍家族", "Chapter_ID": 723},{"ChapterName": "第718章 兩方爭鋒", "Chapter_ID": 724},{"ChapterName": "第719章 說服隱一刀", "Chapter_ID": 725},{"ChapterName": "第720章 又多一個先天女僕", "Chapter_ID": 726},{"ChapterName": "第721章 瘋狂提升女人的實力", "Chapter_ID": 727},{"ChapterName": "第722章 老小孩", "Chapter_ID": 728},{"ChapterName": "第723章 秘密", "Chapter_ID": 729},{"ChapterName": "第724章 造勢", "Chapter_ID": 730},{"ChapterName": "第725章 聖彼得教皇", "Chapter_ID": 731},{"ChapterName": "第726章 轟動世界", "Chapter_ID": 732},{"ChapterName": "第727章 又一個老小孩", "Chapter_ID": 733},{"ChapterName": "第728章 兩千年前的語言", "Chapter_ID": 734},{"ChapterName": "第729章 聖女？", "Chapter_ID": 735},{"ChapterName": "第730章 收點利息", "Chapter_ID": 736},{"ChapterName": "第731章 第一個先天女人", "Chapter_ID": 737},{"ChapterName": "第732章 神獸後援團急眼了", "Chapter_ID": 738},{"ChapterName": "第733章 滿載而歸", "Chapter_ID": 739},{"ChapterName": "第734章 被導彈襲擊", "Chapter_ID": 740},{"ChapterName": "第735章 子彈打導彈", "Chapter_ID": 741},{"ChapterName": "第736章 教皇也急眼了", "Chapter_ID": 742},{"ChapterName": "第737章 再震官場", "Chapter_ID": 743},{"ChapterName": "第738章 兔死狗烹", "Chapter_ID": 744},{"ChapterName": "第739章 管你是誰照殺", "Chapter_ID": 745},{"ChapterName": "第740章 突變", "Chapter_ID": 746},{"ChapterName": "第741章 出發昆崙山", "Chapter_ID": 747},{"ChapterName": "第742章 地獄之門", "Chapter_ID": 748},{"ChapterName": "第743章 蜈蚣王", "Chapter_ID": 749},{"ChapterName": "第744章 再斬巨蟒", "Chapter_ID": 750},{"ChapterName": "第745章 充能", "Chapter_ID": 751},{"ChapterName": "第746章 時空重疊", "Chapter_ID": 752},{"ChapterName": "第747章 即將復活的屍體", "Chapter_ID": 753},{"ChapterName": "第748章 地下空間", "Chapter_ID": 754},{"ChapterName": "第749章 再回地獄之門", "Chapter_ID": 755},{"ChapterName": "第750章 取捨", "Chapter_ID": 756},{"ChapterName": "第751章 鬱悶的趙學五", "Chapter_ID": 757},{"ChapterName": "第752章 隱一刀的突破", "Chapter_ID": 758},{"ChapterName": "第753章 陳曦出事了", "Chapter_ID": 759},{"ChapterName": "第754章 惹我的女人都去死", "Chapter_ID": 760},{"ChapterName": "第755章 兵發君子堂", "Chapter_ID": 761},{"ChapterName": "第756章 人生來都是猥瑣的", "Chapter_ID": 762},{"ChapterName": "第757章 我看好你", "Chapter_ID": 763},{"ChapterName": "第758章 二貨有一個二貨", "Chapter_ID": 764},{"ChapterName": "第759章 震驚世界的冰山一角", "Chapter_ID": 765},{"ChapterName": "第760章 這就是神獸的威力", "Chapter_ID": 766},{"ChapterName": "第761章 調戲李清素", "Chapter_ID": 767},{"ChapterName": "第762章 再填一大戰力", "Chapter_ID": 768},{"ChapterName": "第763章 新計劃", "Chapter_ID": 769},{"ChapterName": "第764章 兵臨唐門", "Chapter_ID": 770},{"ChapterName": "第765章 先天巔峰的戰力", "Chapter_ID": 771},{"ChapterName": "第766章 天下沒有不散的筵席", "Chapter_ID": 772},{"ChapterName": "第767章 入土為安", "Chapter_ID": 773},{"ChapterName": "第768章 巴結祖奶奶", "Chapter_ID": 774},{"ChapterName": "第769章 腹黑神獸嚇唬人", "Chapter_ID": 775},{"ChapterName": "第770章 后羿血脈", "Chapter_ID": 776},{"ChapterName": "第771章 你師父才死了", "Chapter_ID": 777},{"ChapterName": "第772章 媳婦師娘變姐姐", "Chapter_ID": 778},{"ChapterName": "第773章 看神獸耍刀法都可以突破", "Chapter_ID": 779},{"ChapterName": "第774章 施恩西龍山", "Chapter_ID": 780},{"ChapterName": "第775章 老兵，一路走好", "Chapter_ID": 781},{"ChapterName": "第776章 長城上的突破", "Chapter_ID": 782},{"ChapterName": "第777章 本事大責任就大", "Chapter_ID": 783},{"ChapterName": "第778章 天痴的秘密", "Chapter_ID": 784},{"ChapterName": "第779章 突破后遺症", "Chapter_ID": 785},{"ChapterName": "第780章 變態的護衛隊", "Chapter_ID": 786},{"ChapterName": "第781章 飛機打不過我上", "Chapter_ID": 787},{"ChapterName": "第782章 美人魚姐妹", "Chapter_ID": 788},{"ChapterName": "第783章 撞死你", "Chapter_ID": 789},{"ChapterName": "第784章 進入秘密基地", "Chapter_ID": 790},{"ChapterName": "第785章 驚喜發現", "Chapter_ID": 791},{"ChapterName": "第786章 發現一個寶貝", "Chapter_ID": 792},{"ChapterName": "第787章 搶了他", "Chapter_ID": 793},{"ChapterName": "第788章 宇宙飛船", "Chapter_ID": 794},{"ChapterName": "第789章 掌控飛船", "Chapter_ID": 795},{"ChapterName": "第790章 腳踏Y皇宮", "Chapter_ID": 796},{"ChapterName": "第791章 管你是誰踩死你", "Chapter_ID": 797},{"ChapterName": "第792章 逼迫圓桌騎士服軟", "Chapter_ID": 798},{"ChapterName": "第793章 又來一個大美女", "Chapter_ID": 799},{"ChapterName": "第794章 驚天逆轉", "Chapter_ID": 800},{"ChapterName": "第795章 暴怒的神獸", "Chapter_ID": 801},{"ChapterName": "第796章 嚇唬九大巨頭", "Chapter_ID": 802},{"ChapterName": "第797章 兔死狗烹嗎", "Chapter_ID": 803},{"ChapterName": "第798章 九州鼎", "Chapter_ID": 804},{"ChapterName": "第799章 我又想殺人了", "Chapter_ID": 805},{"ChapterName": "第800章 為了提升實力你就從了我吧", "Chapter_ID": 806},{"ChapterName": "第801章 與清婉姐修成正果", "Chapter_ID": 807},{"ChapterName": "第802章 大突破", "Chapter_ID": 808},{"ChapterName": "第803章 活着回來", "Chapter_ID": 809},{"ChapterName": "第804章 橫斷山脈的恐怖", "Chapter_ID": 810},{"ChapterName": "第805章 陣法空間？空間錯層？", "Chapter_ID": 811},{"ChapterName": "第806章 無恥的人哪裡都有", "Chapter_ID": 812},{"ChapterName": "第807章 撿錢撿到手抽筋", "Chapter_ID": 813},{"ChapterName": "第808章 真正的寶貝", "Chapter_ID": 814},{"ChapterName": "第809章 沒說的搶", "Chapter_ID": 815},{"ChapterName": "第810章 好寶貝", "Chapter_ID": 816}]