[{"ChapterName": "第一卷 籠中雀 第一章 驚蟄", "Chapter_ID": 2},{"ChapterName": "第一卷 籠中雀 第二章 開門", "Chapter_ID": 3},{"ChapterName": "第一卷 籠中雀 第三章 日出", "Chapter_ID": 4},{"ChapterName": "第一卷 籠中雀 第四章 黃鳥", "Chapter_ID": 5},{"ChapterName": "第一卷 籠中雀 第五章 道破", "Chapter_ID": 6},{"ChapterName": "第一卷 籠中雀 第六章 下籤", "Chapter_ID": 7},{"ChapterName": "第一卷 籠中雀 第七章 碗水", "Chapter_ID": 8},{"ChapterName": "第一卷 籠中雀 第八章 稗草", "Chapter_ID": 9},{"ChapterName": "第一卷 籠中雀 第九章 天雨雖寬", "Chapter_ID": 10},{"ChapterName": "第一卷 籠中雀 第十章 食牛之氣", "Chapter_ID": 11},{"ChapterName": "第一卷 籠中雀 第十一章 少女和飛劍", "Chapter_ID": 12},{"ChapterName": "第一卷 籠中雀 第十二章  小巷", "Chapter_ID": 13},{"ChapterName": "第一卷 籠中雀 第十三章 相逢", "Chapter_ID": 14},{"ChapterName": "第一卷 籠中雀 第十四章 五月初五", "Chapter_ID": 15},{"ChapterName": "第一卷 籠中雀 第十五章 壓勝", "Chapter_ID": 16},{"ChapterName": "第一卷 籠中雀 第十六章 休想", "Chapter_ID": 17},{"ChapterName": "第一卷 籠中雀 第十七章 不平則鳴", "Chapter_ID": 18},{"ChapterName": "第一卷 籠中雀 第十八章 五去其三", "Chapter_ID": 19},{"ChapterName": "第一卷 籠中雀 第十九章 大道", "Chapter_ID": 20},{"ChapterName": "第一卷 籠中雀 第二十章 橫生枝節", "Chapter_ID": 21},{"ChapterName": "第一卷 籠中雀 第二十一章 捕蛇鷹", "Chapter_ID": 22},{"ChapterName": "第一卷 籠中雀 第二十二章 止境", "Chapter_ID": 23},{"ChapterName": "第一卷 籠中雀 第二十三章 槐蔭", "Chapter_ID": 24},{"ChapterName": "第一卷 籠中雀 第二十四章 相贈", "Chapter_ID": 25},{"ChapterName": "第一卷 籠中雀 第二十五章  離別", "Chapter_ID": 26},{"ChapterName": "第一卷 籠中雀 第二十六章 好說話", "Chapter_ID": 27},{"ChapterName": "第一卷 籠中雀 第二十七章 點睛", "Chapter_ID": 28},{"ChapterName": "第一卷 籠中雀 第二十八章 財迷", "Chapter_ID": 29},{"ChapterName": "第一卷 籠中雀 第二十九章 狐魅", "Chapter_ID": 30},{"ChapterName": "第一卷 籠中雀 第三十章 暗室", "Chapter_ID": 31},{"ChapterName": "第一卷 籠中雀 第三十一章 敲山", "Chapter_ID": 32},{"ChapterName": "第一卷 籠中雀 第三十二章 桃葉", "Chapter_ID": 33},{"ChapterName": "第一卷 籠中雀 第三十三章  白龍魚服", "Chapter_ID": 34},{"ChapterName": "第一卷 籠中雀 第三十四章 齊聚", "Chapter_ID": 35},{"ChapterName": "第一卷 籠中雀 第三十五章 甘草", "Chapter_ID": 36},{"ChapterName": "第一卷 籠中雀 第三十六章 古書", "Chapter_ID": 37},{"ChapterName": "第一卷 籠中雀 第三十七章 拳譜", "Chapter_ID": 38},{"ChapterName": "第一卷 籠中雀 第三十八章 九境", "Chapter_ID": 39},{"ChapterName": "第一卷 籠中雀 第三十九章 罵槐", "Chapter_ID": 40},{"ChapterName": "第一卷 籠中雀 第四十章 還禮", "Chapter_ID": 41},{"ChapterName": "第一卷 籠中雀 第四十一章 練拳", "Chapter_ID": 42},{"ChapterName": "第一卷 籠中雀 第四十二章 天才", "Chapter_ID": 43},{"ChapterName": "第一卷 籠中雀 第四十三章 少年和老狗", "Chapter_ID": 44},{"ChapterName": "第一卷 籠中雀 第四十四章 水落石出", "Chapter_ID": 45},{"ChapterName": "第一卷 籠中雀 第四十五章 陽光", "Chapter_ID": 46},{"ChapterName": "第一卷 籠中雀 第四十六章 壓衣刀", "Chapter_ID": 47},{"ChapterName": "第一卷 籠中雀 第四十七章 獨行", "Chapter_ID": 48},{"ChapterName": "第一卷 籠中雀 第四十八章 放紙鳶", "Chapter_ID": 49},{"ChapterName": "第一卷 籠中雀 第四十九章 碎瓷", "Chapter_ID": 50},{"ChapterName": "第一卷 籠中雀 第五十章 天行健", "Chapter_ID": 51},{"ChapterName": "第一卷 籠中雀 第五十一章 對峙", "Chapter_ID": 52},{"ChapterName": "第一卷 籠中雀 第五十二章 晃了晃", "Chapter_ID": 53},{"ChapterName": "第一卷 籠中雀 第五十三章 贈送", "Chapter_ID": 54},{"ChapterName": "第一卷 籠中雀 第五十四章 大敵當前", "Chapter_ID": 55},{"ChapterName": "第一卷 籠中雀 第五十五章  春風得意", "Chapter_ID": 56},{"ChapterName": "第一卷 籠中雀 第五十六章 點頭", "Chapter_ID": 57},{"ChapterName": "第一卷 籠中雀 第五十七章 養劍葫", "Chapter_ID": 58},{"ChapterName": "第一卷 籠中雀 第五十八章 先生", "Chapter_ID": 59},{"ChapterName": "第一卷 籠中雀 第五十九章 睡去", "Chapter_ID": 60},{"ChapterName": "第一卷 籠中雀 第六十章 有鬼", "Chapter_ID": 61},{"ChapterName": "第一卷 籠中雀 第六十一章 過河卒", "Chapter_ID": 62},{"ChapterName": "第一卷 籠中雀 第六十二章 樹倒", "Chapter_ID": 63},{"ChapterName": "第一卷 籠中雀 第六十三章 原來如此", "Chapter_ID": 64},{"ChapterName": "第一卷 籠中雀 第六十四章 三陳", "Chapter_ID": 65},{"ChapterName": "第一卷 籠中雀 第六十五章 珠子", "Chapter_ID": 66},{"ChapterName": "第一卷 籠中雀 第六十六章 抬頭", "Chapter_ID": 67},{"ChapterName": "第一卷 籠中雀 第六十七章 遠行", "Chapter_ID": 68},{"ChapterName": "第一卷 籠中雀 第六十八章  天下有春", "Chapter_ID": 69},{"ChapterName": "第一卷 籠中雀 第六十九章 夜幕", "Chapter_ID": 70},{"ChapterName": "第一卷 籠中雀 第七十章 天亮", "Chapter_ID": 71},{"ChapterName": "第一卷 籠中雀 第七十一章 有些喜歡", "Chapter_ID": 72},{"ChapterName": "第一卷 籠中雀 第七十二章 黑雲", "Chapter_ID": 73},{"ChapterName": "第一卷 籠中雀 第七十三章 木人", "Chapter_ID": 74},{"ChapterName": "第一卷 籠中雀 第七十四章 火龍走水", "Chapter_ID": 75},{"ChapterName": "第一卷 籠中雀 第七十五章 佔山為王", "Chapter_ID": 76},{"ChapterName": "第一卷 籠中雀 第七十六章 背對", "Chapter_ID": 77},{"ChapterName": "第一卷 籠中雀 第七十七章 進山", "Chapter_ID": 78},{"ChapterName": "第一卷 籠中雀 第七十八章 入夢", "Chapter_ID": 79},{"ChapterName": "第一卷 籠中雀 第七十九章 迎春印", "Chapter_ID": 80},{"ChapterName": "第一卷 籠中雀 第八十章 出山", "Chapter_ID": 81},{"ChapterName": "第一卷 籠中雀 第八十一章 國師", "Chapter_ID": 82},{"ChapterName": "第一卷 籠中雀 第八十二章 先生學生，師兄師弟", "Chapter_ID": 83},{"ChapterName": "第一卷 籠中雀 第八十三章 夢想", "Chapter_ID": 84},{"ChapterName": "第一卷 籠中雀 第八十四章 我有一劍", "Chapter_ID": 85},{"ChapterName": "第八十五章 大考落幕", "Chapter_ID": 86},{"ChapterName": "第八十六章  同道中人", "Chapter_ID": 87},{"ChapterName": "第八十七章 小夫子", "Chapter_ID": 88},{"ChapterName": "第八十八章 粉墨登場", "Chapter_ID": 89},{"ChapterName": "第八十九章 兩顆人頭", "Chapter_ID": 90},{"ChapterName": "第九十章 大雨滂沱", "Chapter_ID": 91},{"ChapterName": "第九十一章 玉簪", "Chapter_ID": 92},{"ChapterName": "第九十二章 小竹箱", "Chapter_ID": 93},{"ChapterName": "第九十三章 牆上有個字", "Chapter_ID": 94},{"ChapterName": "第九十四章 秀色可餐", "Chapter_ID": 95},{"ChapterName": "第九十五章 小廟", "Chapter_ID": 96},{"ChapterName": "第九十六章 山水有神怪", "Chapter_ID": 97},{"ChapterName": "第九十七章 拜山頭", "Chapter_ID": 98},{"ChapterName": "第九十八章 山神作祟", "Chapter_ID": 99},{"ChapterName": "第九十九章  山神和竹刀", "Chapter_ID": 100},{"ChapterName": "第一百章 腳下河山", "Chapter_ID": 101},{"ChapterName": "第一百零一章 坐鎮山頭", "Chapter_ID": 102},{"ChapterName": "第一百零二章 白虹平地起", "Chapter_ID": 103},{"ChapterName": "第一百零三章 竹樓", "Chapter_ID": 104},{"ChapterName": "第一百零四章 坐地分贓", "Chapter_ID": 105},{"ChapterName": "第一百零五章 無根浮萍", "Chapter_ID": 106},{"ChapterName": "第一百零六章 魚龍混雜", "Chapter_ID": 107},{"ChapterName": "第一百零七章 漁網", "Chapter_ID": 108},{"ChapterName": "第一百零八章 春蒐", "Chapter_ID": 109},{"ChapterName": "第一百零九章 少年有話說", "Chapter_ID": 110},{"ChapterName": "第一百一十章 無不散的筵席", "Chapter_ID": 111},{"ChapterName": "第一百一十一章 斗笠", "Chapter_ID": 112},{"ChapterName": "第一百一十二章 強者", "Chapter_ID": 113},{"ChapterName": "第一百一十三章 氣勢如虹", "Chapter_ID": 114},{"ChapterName": "第一百一十四章 再見阿良", "Chapter_ID": 115},{"ChapterName": "第一百一十五章 人間有個老秀才（上）", "Chapter_ID": 116},{"ChapterName": "第一百一十六章 人間有個老秀才（中）", "Chapter_ID": 117},{"ChapterName": "第一百一十七章 人間有個老秀才（下）", "Chapter_ID": 118},{"ChapterName": "第一百一十八章 天地有氣", "Chapter_ID": 119},{"ChapterName": "第一百一十九章 有些道理", "Chapter_ID": 120},{"ChapterName": "第一百二十章 遠遊", "Chapter_ID": 121},{"ChapterName": "第一百二十一章 快哉風", "Chapter_ID": 122},{"ChapterName": "第一百二十二章 雷法捉妖", "Chapter_ID": 123},{"ChapterName": "第一百二十三章 狹路相逢", "Chapter_ID": 124},{"ChapterName": "第一百二十四章 鬼打牆", "Chapter_ID": 125},{"ChapterName": "第一百二十五章 一劍破法", "Chapter_ID": 126},{"ChapterName": "第一百二十六章 陸地劍仙", "Chapter_ID": 127},{"ChapterName": "第一百二十七章 對視", "Chapter_ID": 128},{"ChapterName": "第一百二十八章 奇觀", "Chapter_ID": 129},{"ChapterName": "第一百二十九章 山上", "Chapter_ID": 130},{"ChapterName": "第一百三十章 山水少年", "Chapter_ID": 131},{"ChapterName": "第一百三十一章 書生弟子", "Chapter_ID": 132},{"ChapterName": "第一百三十二章 學生崔瀺", "Chapter_ID": 133},{"ChapterName": "第一百三十三章 同行", "Chapter_ID": 134},{"ChapterName": "第一百三十四章 這一年", "Chapter_ID": 135},{"ChapterName": "第一百三十五章 振衣", "Chapter_ID": 136},{"ChapterName": "第一百三十六章 山下皆如此", "Chapter_ID": 137},{"ChapterName": "第一百三十七章 背着一座銀山", "Chapter_ID": 138},{"ChapterName": "第一百三十八章 拔河", "Chapter_ID": 139},{"ChapterName": "第一百三十九章 千奇（上）", "Chapter_ID": 140},{"ChapterName": "第一百四十章 千奇（下）", "Chapter_ID": 141},{"ChapterName": "第一百四十一章 百怪（上）", "Chapter_ID": 142},{"ChapterName": "第一百四十二章 百怪（中）", "Chapter_ID": 143},{"ChapterName": "第一百四十三章 百怪（下）", "Chapter_ID": 144},{"ChapterName": "第一百四十四章 一個坐井一個觀天", "Chapter_ID": 145},{"ChapterName": "第一百四十五章 草灰蛇線", "Chapter_ID": 146},{"ChapterName": "第一百四十六章 靠山和幫手", "Chapter_ID": 147},{"ChapterName": "第一百四十七章 請破陣", "Chapter_ID": 148},{"ChapterName": "第一百四十八章 少年有事問春風", "Chapter_ID": 149},{"ChapterName": "第一百四十九章 約戰", "Chapter_ID": 150},{"ChapterName": "第一百五十章 去開山", "Chapter_ID": 151},{"ChapterName": "第一百五十一章 少年有劍砍山嶽", "Chapter_ID": 152},{"ChapterName": "第一百五十二章 高出天外", "Chapter_ID": 153},{"ChapterName": "第一百五十三章 心境", "Chapter_ID": 154},{"ChapterName": "第一百五十四章 老先生坐而論道", "Chapter_ID": 155},{"ChapterName": "第一百五十五章 相談甚歡", "Chapter_ID": 156},{"ChapterName": "第一百五十六章 少年肩頭挑着草長鶯飛", "Chapter_ID": 157},{"ChapterName": "第一百五十七章 自古聖賢皆寂寞", "Chapter_ID": 158},{"ChapterName": "第一百五十八章 吃掉", "Chapter_ID": 159},{"ChapterName": "第一百五十九章 送君已千萬里", "Chapter_ID": 160},{"ChapterName": "第一百六十章 少年已知愁滋味", "Chapter_ID": 161},{"ChapterName": "第一百六十一章 山水終有一別", "Chapter_ID": 162},{"ChapterName": "第一百六十二章 被大隋欺負的孩子們", "Chapter_ID": 163},{"ChapterName": "第一百六十三章 終成師生", "Chapter_ID": 164},{"ChapterName": "第一百六十四章 近朱者赤", "Chapter_ID": 165},{"ChapterName": "第一百六十五章 如果陳平安在這裏", "Chapter_ID": 166},{"ChapterName": "第一百六十六章 先生有事當如何", "Chapter_ID": 167},{"ChapterName": "第一百六十七章 我法寶多啊", "Chapter_ID": 168},{"ChapterName": "第一百六十八章 世間父親皆英雄", "Chapter_ID": 169},{"ChapterName": "第一百六十九章 來個能打的", "Chapter_ID": 170},{"ChapterName": "第一百七十章 喝好酒的大宗師", "Chapter_ID": 171},{"ChapterName": "第一百七十一章 楊柳依依的少女", "Chapter_ID": 172},{"ChapterName": "第一百七十二章 江湖路上見不平", "Chapter_ID": 173},{"ChapterName": "第一百七十三章 逆旅", "Chapter_ID": 174},{"ChapterName": "第一百七十四章 今年大雪有大雪", "Chapter_ID": 175},{"ChapterName": "第一百七十五章 敕令", "Chapter_ID": 176},{"ChapterName": "第一百七十六章 無聊就是沒得聊", "Chapter_ID": 177},{"ChapterName": "第一百七十七章 佛觀一缽水", "Chapter_ID": 178},{"ChapterName": "第一百七十八章 我看一座山", "Chapter_ID": 179},{"ChapterName": "第一百七十九章 添土", "Chapter_ID": 180},{"ChapterName": "第一百八十章 恍如神人", "Chapter_ID": 181},{"ChapterName": "第一百八十一章 不值得", "Chapter_ID": 182},{"ChapterName": "第一百八十二章 道理就在劍鞘里", "Chapter_ID": 183},{"ChapterName": "第一百八十三章 他有春葉夏雷秋風冬雪", "Chapter_ID": 184},{"ChapterName": "第一百八十四章 別有洞天", "Chapter_ID": 185},{"ChapterName": "第一百八十五章 劍胚在手心", "Chapter_ID": 186},{"ChapterName": "第一百八十六章 守夜", "Chapter_ID": 187},{"ChapterName": "第一百八十七章 新年裡的老人們", "Chapter_ID": 188},{"ChapterName": "第一百八十八章 大規大矩和雞毛蒜皮", "Chapter_ID": 189},{"ChapterName": "第一百八十九章 猛字樓外說劍之二三事", "Chapter_ID": 190},{"ChapterName": "第一百九十章 我是一名劍客", "Chapter_ID": 191},{"ChapterName": "第一百九十一章 做買賣也是修行", "Chapter_ID": 192},{"ChapterName": "第一百九十二章 下筆如有神", "Chapter_ID": 193},{"ChapterName": "第一百九十三章 同姓不同命", "Chapter_ID": 194},{"ChapterName": "第一百九十四章 降妖和除魔", "Chapter_ID": 195},{"ChapterName": "第一百九十五章 鎮劍樓", "Chapter_ID": 196},{"ChapterName": "第一百九十六章 我輩武夫", "Chapter_ID": 197},{"ChapterName": "第一百九十七章 陳平安喝酒了", "Chapter_ID": 198},{"ChapterName": "第一百九十八章 少年想要遠遊", "Chapter_ID": 199},{"ChapterName": "第一百九十九章 黃雀去又返", "Chapter_ID": 200},{"ChapterName": "第二百章 死局之死結所在", "Chapter_ID": 201},{"ChapterName": "第二百零一章 若無閑事掛心頭", "Chapter_ID": 202},{"ChapterName": "第二百零二章 便是人間好時節", "Chapter_ID": 203},{"ChapterName": "第二百零三章 酒鬼少年郎", "Chapter_ID": 204},{"ChapterName": "第兩百零四章 故人來送劍去", "Chapter_ID": 205},{"ChapterName": "第兩百零五章 負劍南渡", "Chapter_ID": 206},{"ChapterName": "第兩百零六章 月兒圓月兒彎", "Chapter_ID": 207},{"ChapterName": "第二百零七章 天上掉下個……人", "Chapter_ID": 208},{"ChapterName": "第二百零八章 去也", "Chapter_ID": 209},{"ChapterName": "第二百零九章 也是木劍", "Chapter_ID": 210},{"ChapterName": "第二百一十章 山水相逢也重逢", "Chapter_ID": 211},{"ChapterName": "第兩百一十一章天作之合", "Chapter_ID": 212},{"ChapterName": "第二百一十二章 道高一尺", "Chapter_ID": 213},{"ChapterName": "第兩百一十三章 憧憬", "Chapter_ID": 214},{"ChapterName": "第兩百一十四章 風雨夜行", "Chapter_ID": 215},{"ChapterName": "第兩百一十五章 畫眉", "Chapter_ID": 216},{"ChapterName": "第二百一十六章 出手", "Chapter_ID": 217},{"ChapterName": "第兩百一十七章 劍仙", "Chapter_ID": 218},{"ChapterName": "第兩百一十八章 仙師駕到", "Chapter_ID": 219},{"ChapterName": "第兩百一十九章 道士吟詩", "Chapter_ID": 220},{"ChapterName": "第二百二十章 山水印", "Chapter_ID": 221},{"ChapterName": "第二百二十一章 看熱鬧", "Chapter_ID": 222},{"ChapterName": "第二百二十二章 有些離別可以再會", "Chapter_ID": 223},{"ChapterName": "第二百二十三章 小街一戰", "Chapter_ID": 224},{"ChapterName": "第二百二十四章 才子佳人", "Chapter_ID": 225},{"ChapterName": "第二百二十五章 夜路", "Chapter_ID": 226},{"ChapterName": "第二百二十六章 匣有兩劍，降妖除魔", "Chapter_ID": 227},{"ChapterName": "第二百二十七章 出劍了", "Chapter_ID": 228},{"ChapterName": "第二百二十八章 初一十五，隨我除魔", "Chapter_ID": 229},{"ChapterName": "第二百二十九章 趨之若鶩", "Chapter_ID": 230},{"ChapterName": "第二百三十章 降服", "Chapter_ID": 231},{"ChapterName": "第二百三十章 黑雲壓城", "Chapter_ID": 232},{"ChapterName": "第二百三十一章 又見城隍爺", "Chapter_ID": 233},{"ChapterName": "第二百三十二章 歲歲平安", "Chapter_ID": 234},{"ChapterName": "第二百三十三章 塵埃落定", "Chapter_ID": 235},{"ChapterName": "第二百三十四章 夜宿古寺有妖氣", "Chapter_ID": 236},{"ChapterName": "第二百三十五章 故鄉黃花黃", "Chapter_ID": 237},{"ChapterName": "第二百三十六章 一山還有一山高", "Chapter_ID": 238},{"ChapterName": "第二百三十七章 小暑過後，春風猶在", "Chapter_ID": 239},{"ChapterName": "第二百三十八章  春風送君千萬里", "Chapter_ID": 240},{"ChapterName": "第二百三十九章 觀瀑", "Chapter_ID": 241},{"ChapterName": "第二百四十章 泥菩薩有火氣", "Chapter_ID": 242},{"ChapterName": "第二百四十一章 喝過劍仙的酒好吹牛", "Chapter_ID": 243},{"ChapterName": "第兩百四十二章 月下打瀑，一挂彩虹", "Chapter_ID": 244},{"ChapterName": "第二百四十三章 千軍萬馬之前，我喝一口酒", "Chapter_ID": 245},{"ChapterName": "第二百四十四章 大驪陳平安在此", "Chapter_ID": 246},{"ChapterName": "第二百四十五章 林間簌簌，風雨如晦", "Chapter_ID": 247},{"ChapterName": "第二百四十六章 一團亂麻，既見君子", "Chapter_ID": 248},{"ChapterName": "第二百四十七章 就此一別，山高水長", "Chapter_ID": 249},{"ChapterName": "第二百四十八章 神仙買賣，後會有期", "Chapter_ID": 250},{"ChapterName": "第二百四十九章 奼紫嫣紅開遍", "Chapter_ID": 251},{"ChapterName": "第二百五十章 從最北到最南", "Chapter_ID": 252},{"ChapterName": "第二百五十一章 老龍城", "Chapter_ID": 253},{"ChapterName": "第二百五十二章 泥菩薩踩劍過河", "Chapter_ID": 254},{"ChapterName": "第二百五十三章 有人送劍有人等", "Chapter_ID": 255},{"ChapterName": "第二百五十四章 精誠動人也傷人", "Chapter_ID": 256},{"ChapterName": "第二百五十五章 傳道人傳道", "Chapter_ID": 257},{"ChapterName": "第二百五十六章 同樣是少年郎", "Chapter_ID": 258},{"ChapterName": "第二百五十七章 桂花島之巔", "Chapter_ID": 259},{"ChapterName": "第二百五十八章 群山之巔，上有武神", "Chapter_ID": 260},{"ChapterName": "第二百五十九章 練拳百萬", "Chapter_ID": 261},{"ChapterName": "第二百六十章 海上生明月", "Chapter_ID": 262},{"ChapterName": "第二百六十一章 有劍從雲海來", "Chapter_ID": 263},{"ChapterName": "第二百六十二章 一葉扁舟，翩翩少年", "Chapter_ID": 264},{"ChapterName": "第二百六十三章 一道符", "Chapter_ID": 265},{"ChapterName": "第二百六十四章 大道之上", "Chapter_ID": 266},{"ChapterName": "第二百六十五章 大師兄姓左", "Chapter_ID": 267},{"ChapterName": "第二百六十六章 磨損心中萬古刀", "Chapter_ID": 268},{"ChapterName": "第二百六十七章 臨近倒懸山", "Chapter_ID": 269},{"ChapterName": "第二百六十八章 人間萬事細如毛", "Chapter_ID": 270},{"ChapterName": "第二百六十九章 我有小事大如斗", "Chapter_ID": 271},{"ChapterName": "第二百七十章 好久不見，寧姑娘", "Chapter_ID": 272},{"ChapterName": "第二百七十一章 寧姑娘，對不起", "Chapter_ID": 273},{"ChapterName": "第二百七十二章 陳平安，你聽我說", "Chapter_ID": 274},{"ChapterName": "第二百七十三章 一枕黃粱劍氣長", "Chapter_ID": 275},{"ChapterName": "第二百七十四章 劍氣長城陳見陳", "Chapter_ID": 276},{"ChapterName": "第二百七十五章 有些重逢就是最好的", "Chapter_ID": 277},{"ChapterName": "第二百七十六章 最強之間", "Chapter_ID": 278},{"ChapterName": "第二百七十七章 城頭兩人四境三戰", "Chapter_ID": 279},{"ChapterName": "第二百七十八章 武無第二，拳高天外", "Chapter_ID": 280},{"ChapterName": "第二百七十九章 抬手殺劍仙", "Chapter_ID": 281},{"ChapterName": "第二百八十章 離別而已", "Chapter_ID": 282},{"ChapterName": "第二百八十一章 天真", "Chapter_ID": 283},{"ChapterName": "第二百八十二章 思無邪", "Chapter_ID": 284},{"ChapterName": "第二百八十三章 香火裊裊", "Chapter_ID": 285},{"ChapterName": "第二百八十四章 姑娘請自重", "Chapter_ID": 286},{"ChapterName": "第二百八十五章 一盒胭脂", "Chapter_ID": 287},{"ChapterName": "第二百八十六章 對坐觀人，自己知道", "Chapter_ID": 288},{"ChapterName": "第二百八十七章 北行", "Chapter_ID": 289},{"ChapterName": "第兩百八十八章 對敵", "Chapter_ID": 290},{"ChapterName": "第二百八十九章 千里送人頭", "Chapter_ID": 291},{"ChapterName": "第二百九十章 入土為安", "Chapter_ID": 292},{"ChapterName": "第二百九十一章 山上山下", "Chapter_ID": 293},{"ChapterName": "第二百九十二章 小巷雨夜", "Chapter_ID": 294},{"ChapterName": "第二百九十三章 鷹不飛", "Chapter_ID": 295},{"ChapterName": "第二百九十四章 馭劍", "Chapter_ID": 296},{"ChapterName": "第二百九十五章 遠望", "Chapter_ID": 297},{"ChapterName": "第二百九十六章 作別", "Chapter_ID": 298},{"ChapterName": "第二百九十七章 出拳", "Chapter_ID": 299},{"ChapterName": "第二百九十八章 拳不停", "Chapter_ID": 300},{"ChapterName": "第二百九十九章 人間無趣，不如不來", "Chapter_ID": 301},{"ChapterName": "第三百章 江湖險惡", "Chapter_ID": 302},{"ChapterName": "第三百零一章 傷心", "Chapter_ID": 303},{"ChapterName": "第三百零二章 分道", "Chapter_ID": 304},{"ChapterName": "第三百零三章 人間多不平", "Chapter_ID": 305},{"ChapterName": "第三百零四章 低頭觀井，抬頭看天", "Chapter_ID": 306},{"ChapterName": "第三百零五章 遠觀近看", "Chapter_ID": 307},{"ChapterName": "第三百零六章 老僧不愛說佛法", "Chapter_ID": 308},{"ChapterName": "第三百零七章 眼底腳下", "Chapter_ID": 309},{"ChapterName": "第三百零八章 殺機四伏", "Chapter_ID": 310},{"ChapterName": "第三百零九章 圍殺之局", "Chapter_ID": 311},{"ChapterName": "第三百一十章 刺殺", "Chapter_ID": 312},{"ChapterName": "第三百一十一章 人外有人", "Chapter_ID": 313},{"ChapterName": "第三百一十二章 變故", "Chapter_ID": 314},{"ChapterName": "第三百一十三章 馭劍", "Chapter_ID": 315},{"ChapterName": "第三百一十四章 誤入藕花深處", "Chapter_ID": 316},{"ChapterName": "第三百一十五章 他人爭渡我破境", "Chapter_ID": 317},{"ChapterName": "第三百一十六章 大戰才起", "Chapter_ID": 318},{"ChapterName": "第三百一十七章 別人無敵當如何", "Chapter_ID": 319},{"ChapterName": "第三百一十八章 出劍而已", "Chapter_ID": 320},{"ChapterName": "第三百一十九章 何為天下無敵", "Chapter_ID": 321},{"ChapterName": "第三百二十章 井口邊的老道人", "Chapter_ID": 322},{"ChapterName": "第三百二十一章 各為巔峰，卻少一山", "Chapter_ID": 323},{"ChapterName": "第三百二十二章 白衣入城，不敢敲門", "Chapter_ID": 324},{"ChapterName": "第三百二十三章 人間燈火點點", "Chapter_ID": 325},{"ChapterName": "第三百二十四章 原來如此", "Chapter_ID": 326},{"ChapterName": "第三百二十五章 我見青山多嫵媚", "Chapter_ID": 327},{"ChapterName": "第三百二十六章 小巷中", "Chapter_ID": 328},{"ChapterName": "第三百二十七章 丟出觀道觀", "Chapter_ID": 329},{"ChapterName": "第三百二十八章 畫中人", "Chapter_ID": 330},{"ChapterName": "第三百二十九章 山水之爭", "Chapter_ID": 331},{"ChapterName": "第三百三十章 過山過水，遇姚而停", "Chapter_ID": 332},{"ChapterName": "第三百三十一章 槐葉姚", "Chapter_ID": 333},{"ChapterName": "第三百三十二章 偶遇", "Chapter_ID": 334},{"ChapterName": "第三百三十三章 螺螄殼裡有道場", "Chapter_ID": 335},{"ChapterName": "第三百三十四章 人間路窄酒杯寬", "Chapter_ID": 336},{"ChapterName": "第三百三十五章 廟堂與山野的對峙", "Chapter_ID": 337},{"ChapterName": "第三百三十六章 總有道理無用時", "Chapter_ID": 338},{"ChapterName": "第三百三十七章 拳頭太硬，罰酒好喝", "Chapter_ID": 339},{"ChapterName": "第三百三十八章 狐兒鎮", "Chapter_ID": 340},{"ChapterName": "第三百三十九章 怪人怪夢", "Chapter_ID": 341},{"ChapterName": "第三百四十章 下筆有神", "Chapter_ID": 342},{"ChapterName": "第三百四十一章 河上金橋", "Chapter_ID": 343},{"ChapterName": "第三百四十二章 夜遊水神廟", "Chapter_ID": 344},{"ChapterName": "第三百四十三章 謹遵法旨", "Chapter_ID": 345},{"ChapterName": "第三百四十四章 聖人駕臨碧游府", "Chapter_ID": 346},{"ChapterName": "第三百四十五章 君子六符，劾鬼鎮劍", "Chapter_ID": 347},{"ChapterName": "第三百四十六章 夫子說順序，水神結金丹", "Chapter_ID": 348},{"ChapterName": "第三百四十七章 真先生也", "Chapter_ID": 349},{"ChapterName": "第三百四十八章 有些想你了", "Chapter_ID": 350},{"ChapterName": "第349章 埋河封正，武廟借刀，白猿背劍", "Chapter_ID": 351},{"ChapterName": "第349章 埋河封正，武廟借刀，白猿背劍", "Chapter_ID": 352},{"ChapterName": "緊急通知", "Chapter_ID": 353},{"ChapterName": "第三百五十章 白猿拖刀，君子一言", "Chapter_ID": 354},{"ChapterName": "第三百五十一章 明年十一", "Chapter_ID": 355},{"ChapterName": "第三百五十二章 祖師堂牌，頭頂月光", "Chapter_ID": 356},{"ChapterName": "第三百五十三章 五千甲圍山", "Chapter_ID": 357},{"ChapterName": "第三百五十四章 山上的腥風血雨", "Chapter_ID": 358},{"ChapterName": "第三百五十五章 太平山不太平", "Chapter_ID": 359},{"ChapterName": "第三百五十六章 道爭毫釐，左右徘徊", "Chapter_ID": 360},{"ChapterName": "第三百五十七章 雨停", "Chapter_ID": 361},{"ChapterName": "第三百五十八章 過橋登山", "Chapter_ID": 362},{"ChapterName": "第三百五十九章 言念陳平安", "Chapter_ID": 363},{"ChapterName": "第三百六十章 到達老龍城", "Chapter_ID": 364},{"ChapterName": "第三百六十一章 原來也不太平", "Chapter_ID": 365},{"ChapterName": "第三百六十二章 希望別人的肩頭", "Chapter_ID": 366},{"ChapterName": "第三百六十三章 誰能借我一劍", "Chapter_ID": 367},{"ChapterName": "第三百六十四章 無解之局", "Chapter_ID": 368},{"ChapterName": "第三百六十五章 道理聽與不聽，劍在", "Chapter_ID": 369},{"ChapterName": "第三百六十六章 劍靈往北，左右往南", "Chapter_ID": 370},{"ChapterName": "第三百六十七章 李二出遠門，左右不為難", "Chapter_ID": 371},{"ChapterName": "第三百六十八章 人間苦難說不得也", "Chapter_ID": 372},{"ChapterName": "第三百六十九章 聚散", "Chapter_ID": 373},{"ChapterName": "第三百七十章 新年新氣象", "Chapter_ID": 374},{"ChapterName": "第三百七十一章 正月", "Chapter_ID": 375},{"ChapterName": "第三百七十二章 劍仙在後", "Chapter_ID": 376},{"ChapterName": "第三百七十三章 遠遊東南", "Chapter_ID": 377},{"ChapterName": "第三百七十四章 他鄉遇故知", "Chapter_ID": 378},{"ChapterName": "第三百七十五章  山澤散修路子野", "Chapter_ID": 379},{"ChapterName": "第三百七十六章 君子武備", "Chapter_ID": 380},{"ChapterName": "第三百七十七章 吃臭豆腐呦", "Chapter_ID": 381},{"ChapterName": "第三百七十八章 白衣僧人", "Chapter_ID": 382},{"ChapterName": "第三百七十九章 前兆", "Chapter_ID": 383},{"ChapterName": "第三百八十章 離別之後又有重逢", "Chapter_ID": 384},{"ChapterName": "第三百八十一章  一國武運", "Chapter_ID": 385},{"ChapterName": "第三百八十二章  棋盤上", "Chapter_ID": 386},{"ChapterName": "第三百八十三章 彩雲局", "Chapter_ID": 387},{"ChapterName": "第三百八十四章 下完棋抄完書", "Chapter_ID": 388},{"ChapterName": "第三百八十五章 仙人遺蛻住着鬼", "Chapter_ID": 389}]